crop,region,year,rainfall,yield
Jute,Dhaka,2015,2641.3,2.16
Jute,Dhaka,2016,2603.9,2.28
Jute,Dhaka,2017,3177.2,1.65
Jute,Dhaka,2018,2600.8,2.33
Jute,Dhaka,2019,2577.3,2.22
Jute,Dhaka,2020,2290.9,2.29
Jute,Dhaka,2021,2247.5,2.37
Jute,Dhaka,2022,1336.9,1.86
Jute,Dhaka,2023,2276.3,2.45
Jute,Dhaka,2024,2343.8,2.4
Jute,Faridpur,2015,2646.0,2.3
Jute,Faridpur,2016,2663.4,2.24
Jute,Faridpur,2017,1595.4,1.63
Jute,Faridpur,2018,2528.0,2.34
Jute,Faridpur,2019,2459.5,2.34
Jute,Faridpur,2020,2335.7,2.39
Jute,Faridpur,2021,2262.6,2.43
Jute,Faridpur,2022,2969.3,1.93
Jute,Faridpur,2023,2535.5,2.5
Jute,Faridpur,2024,2324.0,2.51
Jute,Mymensingh,2015,2707.4,2.27
Jute,Mymensingh,2016,2322.9,2.3
Jute,Mymensingh,2017,3377.7,1.83
Jute,Mymensingh,2018,2743.4,2.39
Jute,Mymensingh,2019,2379.7,2.28
Jute,Mymensingh,2020,2676.9,2.28
Jute,Mymensingh,2021,2467.6,2.46
Jute,Mymensingh,2022,3257.2,2.02
Jute,Mymensingh,2023,2694.0,2.52
Jute,Mymensingh,2024,2253.9,2.52
Lentil,Khulna,2015,938.6,1.13
Lentil,Khulna,2016,1016.0,1.26
Lentil,Khulna,2017,1183.5,0.91
Lentil,Khulna,2018,1021.4,1.2
Lentil,Khulna,2019,986.5,1.28
Lentil,Khulna,2020,872.8,1.21
Lentil,Khulna,2021,883.8,1.19
Lentil,Khulna,2022,617.4,0.98
Lentil,Khulna,2023,871.7,1.32
Lentil,Khulna,2024,943.7,1.34
Lentil,Pabna,2015,721.3,1.12
Lentil,Pabna,2016,904.8,1.15
Lentil,Pabna,2017,493.2,0.89
Lentil,Pabna,2018,732.1,1.15
Lentil,Pabna,2019,923.6,1.12
Lentil,Pabna,2020,912.3,1.17
Lentil,Pabna,2021,957.1,1.21
Lentil,Pabna,2022,1327.2,0.97
Lentil,Pabna,2023,841.1,1.25
Lentil,Pabna,2024,851.5,1.29
Lentil,Rajshahi,2015,746.7,1.05
Lentil,Rajshahi,2016,871.0,1.01
Lentil,Rajshahi,2017,443.7,0.83
Lentil,Rajshahi,2018,738.5,1.06
Lentil,Rajshahi,2019,768.4,1.03
Lentil,Rajshahi,2020,830.1,1.17
Lentil,Rajshahi,2021,815.2,1.18
Lentil,Rajshahi,2022,479.4,0.82
Lentil,Rajshahi,2023,806.7,1.14
Lentil,Rajshahi,2024,779.1,1.19
Maize,Bogura,2015,1986.9,4.45
Maize,Bogura,2016,2017.9,4.61
Maize,Bogura,2017,2488.0,3.63
Maize,Bogura,2018,2198.2,4.88
Maize,Bogura,2019,1710.4,5.14
Maize,Bogura,2020,1821.0,5.01
Maize,Bogura,2021,2117.7,4.88
Maize,Bogura,2022,2537.0,4.13
Maize,Bogura,2023,1660.8,5.25
Maize,Bogura,2024,2184.9,5.15
Maize,Chittagong,2015,2618.5,4.85
Maize,Chittagong,2016,3174.1,4.79
Maize,Chittagong,2017,1571.4,3.8
Maize,Chittagong,2018,3103.5,5.18
Maize,Chittagong,2019,2796.7,5.24
Maize,Chittagong,2020,3075.2,4.96
Maize,Chittagong,2021,2942.0,5.31
Maize,Chittagong,2022,1780.4,4.55
Maize,Chittagong,2023,2973.0,5.27
Maize,Chittagong,2024,2655.6,5.67
Maize,Rangpur,2015,2396.6,4.84
Maize,Rangpur,2016,2461.5,4.74
Maize,Rangpur,2017,2795.1,3.83
Maize,Rangpur,2018,1956.9,4.94
Maize,Rangpur,2019,2032.7,5.35
Maize,Rangpur,2020,2256.6,5.28
Maize,Rangpur,2021,2235.2,5.27
Maize,Rangpur,2022,1467.5,4.37
Maize,Rangpur,2023,2122.5,5.34
Maize,Rangpur,2024,2065.0,5.64
Rice,Barisal,2015,2193.5,3.26
Rice,Barisal,2016,2384.0,3.52
Rice,Barisal,2017,3003.8,2.51
Rice,Barisal,2018,2554.8,3.43
Rice,Barisal,2019,2338.5,3.55
Rice,Barisal,2020,2481.4,3.6
Rice,Barisal,2021,2174.5,3.67
Rice,Barisal,2022,1330.6,2.55
Rice,Barisal,2023,2498.2,3.8
Rice,Barisal,2024,2387.7,3.65
Rice,Dhaka,2015,1987.5,3.31
Rice,Dhaka,2016,2218.2,3.41
Rice,Dhaka,2017,1377.7,2.74
Rice,Dhaka,2018,1959.3,3.43
Rice,Dhaka,2019,1863.3,3.62
Rice,Dhaka,2020,2174.9,3.57
Rice,Dhaka,2021,1960.2,3.71
Rice,Dhaka,2022,1352.8,3.09
Rice,Dhaka,2023,2020.1,3.84
Rice,Dhaka,2024,2328.6,3.71
Rice,Khulna,2015,1980.9,3.27
Rice,Khulna,2016,1773.4,3.26
Rice,Khulna,2017,1017.5,2.56
Rice,Khulna,2018,2077.9,3.46
Rice,Khulna,2019,1890.3,3.29
Rice,Khulna,2020,2096.3,3.31
Rice,Khulna,2021,1789.2,3.56
Rice,Khulna,2022,1166.7,2.87
Rice,Khulna,2023,2029.3,3.54
Rice,Khulna,2024,1640.3,3.57
Rice,Mymensingh,2015,2184.4,3.48
Rice,Mymensingh,2016,2078.3,3.33
Rice,Mymensingh,2017,2920.9,2.89
Rice,Mymensingh,2018,2064.7,3.45
Rice,Mymensingh,2019,2209.8,3.67
Rice,Mymensingh,2020,1978.6,3.44
Rice,Mymensingh,2021,2268.7,3.48
Rice,Mymensingh,2022,1299.6,2.82
Rice,Mymensingh,2023,2219.6,3.83
Rice,Mymensingh,2024,2385.4,3.86
Rice,Rangpur,2015,1793.4,3.21
Rice,Rangpur,2016,2046.9,3.48
Rice,Rangpur,2017,2953.8,2.97
Rice,Rangpur,2018,2021.0,3.42
Rice,Rangpur,2019,2054.3,3.59
Rice,Rangpur,2020,2033.7,3.64
Rice,Rangpur,2021,1767.9,3.64
Rice,Rangpur,2022,1133.8,2.59
Rice,Rangpur,2023,1884.0,3.53
Rice,Rangpur,2024,1927.4,3.74
Rice,Sylhet,2015,2944.5,3.19
Rice,Sylhet,2016,2895.8,3.48
Rice,Sylhet,2017,3512.5,2.82
Rice,Sylhet,2018,2723.0,3.33
Rice,Sylhet,2019,2860.3,3.36
Rice,Sylhet,2020,2544.2,3.61
Rice,Sylhet,2021,2754.9,3.56
Rice,Sylhet,2022,1749.7,2.59
Rice,Sylhet,2023,2845.0,3.66
Rice,Sylhet,2024,2635.9,3.6
Wheat,Dinajpur,2015,1024.6,2.89
Wheat,Dinajpur,2016,915.7,2.74
Wheat,Dinajpur,2017,534.2,2.1
Wheat,Dinajpur,2018,849.6,2.99
Wheat,Dinajpur,2019,906.5,2.98
Wheat,Dinajpur,2020,1057.2,2.92
Wheat,Dinajpur,2021,936.7,3.09
Wheat,Dinajpur,2022,489.9,2.58
Wheat,Dinajpur,2023,932.7,3.05
Wheat,Dinajpur,2024,787.1,3.12
Wheat,Rajshahi,2015,843.9,2.83
Wheat,Rajshahi,2016,748.8,2.83
Wheat,Rajshahi,2017,1139.5,2.05
Wheat,Rajshahi,2018,733.8,2.82
Wheat,Rajshahi,2019,781.2,2.95
Wheat,Rajshahi,2020,970.4,3.05
Wheat,Rajshahi,2021,783.9,2.88
Wheat,Rajshahi,2022,466.1,2.56
Wheat,Rajshahi,2023,854.3,3.06
Wheat,Rajshahi,2024,954.7,3.14
Wheat,Rangpur,2015,1071.8,2.38
Wheat,Rangpur,2016,1082.6,2.49
Wheat,Rangpur,2017,1602.3,1.85
Wheat,Rangpur,2018,1044.3,2.54
Wheat,Rangpur,2019,1017.1,2.68
Wheat,Rangpur,2020,1077.1,2.55
Wheat,Rangpur,2021,1026.1,2.64
Wheat,Rangpur,2022,731.7,2.18
Wheat,Rangpur,2023,957.7,2.73
Wheat,Rangpur,2024,1193.3,2.87