date,temperature,rainfall
2015-01-01,20.2,0.0
2015-01-02,21.96,1.17
2015-01-03,21.49,6.5
2015-01-04,19.96,6.92
2015-01-05,18.26,0.0
2015-01-06,15.66,0.0
2015-01-07,15.8,0.0
2015-01-08,16.6,0.0
2015-01-09,16.55,0.0
2015-01-10,15.0,0.0
2015-01-11,14.76,0.0
2015-01-12,16.23,0.0
2015-01-13,18.14,0.0
2015-01-14,18.83,0.0
2015-01-15,20.11,0.0
2015-01-16,20.59,0.0
2015-01-17,18.3,1.07
2015-01-18,15.97,0.0
2015-01-19,15.53,0.0
2015-01-20,15.43,0.0
2015-01-21,16.49,0.0
2015-01-22,18.13,0.0
2015-01-23,18.75,0.0
2015-01-24,18.79,0.0
2015-01-25,18.15,0.0
2015-01-26,17.93,0.0
2015-01-27,19.55,0.0
2015-01-28,20.22,0.0
2015-01-29,19.89,0.0
2015-01-30,18.39,0.74
2015-01-31,15.63,0.0
2015-02-01,15.86,0.0
2015-02-02,17.79,0.0
2015-02-03,20.36,0.0
2015-02-04,20.16,0.0
2015-02-05,19.27,0.0
2015-02-06,17.38,0.0
2015-02-07,17.63,0.0
2015-02-08,19.66,0.0
2015-02-09,19.61,0.0
2015-02-10,19.9,0.0
2015-02-11,18.94,0.0
2015-02-12,18.79,0.0
2015-02-13,19.93,0.0
2015-02-14,20.1,0.0
2015-02-15,21.85,0.09
2015-02-16,22.58,0.0
2015-02-17,23.53,0.0
2015-02-18,23.52,2.14
2015-02-19,22.73,12.16
2015-02-20,22.93,0.13
2015-02-21,23.73,0.03
2015-02-22,24.56,0.12
2015-02-23,24.73,0.0
2015-02-24,25.46,0.77
2015-02-25,26.09,0.0
2015-02-26,26.25,0.0
2015-02-27,25.71,0.21
2015-02-28,26.06,0.0
2015-03-01,27.67,0.0
2015-03-02,27.79,0.76
2015-03-03,24.49,0.34
2015-03-04,24.18,2.03
2015-03-05,22.52,0.0
2015-03-06,21.11,0.0
2015-03-07,22.31,0.0
2015-03-08,23.25,0.0
2015-03-09,24.89,0.0
2015-03-10,26.06,0.0
2015-03-11,24.57,0.0
2015-03-12,24.15,0.0
2015-03-13,25.11,0.0
2015-03-14,27.58,0.0
2015-03-15,28.02,0.0
2015-03-16,27.98,0.15
2015-03-17,28.32,0.04
2015-03-18,28.02,0.01
2015-03-19,25.92,0.0
2015-03-20,25.74,0.0
2015-03-21,27.05,0.0
2015-03-22,27.79,0.0
2015-03-23,29.8,0.0
2015-03-24,30.03,0.0
2015-03-25,30.25,0.0
2015-03-26,29.7,1.14
2015-03-27,29.06,2.43
2015-03-28,29.32,0.41
2015-03-29,29.71,0.43
2015-03-30,29.22,8.57
2015-03-31,27.49,3.86
2015-04-01,28.78,0.92
2015-04-02,28.26,8.3
2015-04-03,29.44,0.24
2015-04-04,30.07,9.68
2015-04-05,27.66,6.15
2015-04-06,28.14,0.33
2015-04-07,28.93,0.47
2015-04-08,28.92,2.16
2015-04-09,29.69,0.0
2015-04-10,29.0,0.0
2015-04-11,29.67,0.01
2015-04-12,28.51,3.26
2015-04-13,26.69,2.55
2015-04-14,28.84,0.0
2015-04-15,28.91,0.0
2015-04-16,30.69,0.0
2015-04-17,30.64,0.39
2015-04-18,28.49,18.93
2015-04-19,29.06,17.87
2015-04-20,30.14,4.16
2015-04-21,30.88,3.21
2015-04-22,30.4,16.81
2015-04-23,30.4,6.14
2015-04-24,28.05,17.69
2015-04-25,25.78,15.6
2015-04-26,26.09,0.07
2015-04-27,27.17,1.64
2015-04-28,27.78,5.15
2015-04-29,27.45,9.7
2015-04-30,28.89,0.03
2015-05-01,29.87,1.21
2015-05-02,29.94,3.65
2015-05-03,30.18,3.1
2015-05-04,31.51,0.08
2015-05-05,31.17,0.07
2015-05-06,31.02,0.18
2015-05-07,30.59,12.28
2015-05-08,27.3,5.35
2015-05-09,29.38,0.13
2015-05-10,29.74,14.14
2015-05-11,28.46,16.36
2015-05-12,28.94,4.81
2015-05-13,30.06,0.82
2015-05-14,31.36,1.12
2015-05-15,32.01,1.34
2015-05-16,29.72,8.75
2015-05-17,30.0,1.12
2015-05-18,30.1,0.68
2015-05-19,30.27,5.8
2015-05-20,31.12,15.62
2015-05-21,31.96,1.41
2015-05-22,31.88,9.82
2015-05-23,32.44,0.96
2015-05-24,31.01,18.94
2015-05-25,30.94,5.53
2015-05-26,30.55,13.24
2015-05-27,29.45,25.13
2015-05-28,29.63,17.23
2015-05-29,30.26,4.07
2015-05-30,30.02,25.46
2015-05-31,30.17,5.31
2015-06-01,29.85,3.51
2015-06-02,29.72,2.28
2015-06-03,29.31,1.13
2015-06-04,30.76,0.18
2015-06-05,31.16,0.83
2015-06-06,30.31,0.37
2015-06-07,31.41,0.12
2015-06-08,31.38,0.8
2015-06-09,32.22,2.08
2015-06-10,30.45,36.09
2015-06-11,29.42,56.93
2015-06-12,29.28,26.97
2015-06-13,28.8,5.47
2015-06-14,27.87,15.05
2015-06-15,28.49,17.36
2015-06-16,28.75,32.92
2015-06-17,29.11,10.11
2015-06-18,28.76,19.47
2015-06-19,29.42,1.57
2015-06-20,29.9,0.69
2015-06-21,29.82,0.83
2015-06-22,29.46,18.13
2015-06-23,29.35,24.47
2015-06-24,28.43,38.68
2015-06-25,28.43,19.52
2015-06-26,28.72,34.88
2015-06-27,28.41,16.36
2015-06-28,28.17,5.26
2015-06-29,29.0,1.85
2015-06-30,29.14,3.79
2015-07-01,29.42,0.99
2015-07-02,29.76,4.08
2015-07-03,29.66,1.89
2015-07-04,30.17,0.72
2015-07-05,29.11,4.1
2015-07-06,30.02,12.18
2015-07-07,29.7,13.54
2015-07-08,29.93,4.82
2015-07-09,28.28,7.72
2015-07-10,28.37,9.06
2015-07-11,29.19,3.1
2015-07-12,29.78,0.91
2015-07-13,30.17,0.12
2015-07-14,30.06,14.75
2015-07-15,29.13,42.63
2015-07-16,28.51,11.68
2015-07-17,28.77,0.31
2015-07-18,28.97,1.59
2015-07-19,28.28,4.4
2015-07-20,27.48,10.7
2015-07-21,27.99,11.41
2015-07-22,28.2,14.57
2015-07-23,28.38,10.78
2015-07-24,28.04,22.89
2015-07-25,28.72,4.25
2015-07-26,29.23,0.79
2015-07-27,28.49,1.75
2015-07-28,29.48,0.07
2015-07-29,30.13,0.05
2015-07-30,29.76,6.86
2015-07-31,28.07,16.36
2015-08-01,27.16,30.14
2015-08-02,27.76,3.1
2015-08-03,27.9,3.51
2015-08-04,28.41,3.01
2015-08-05,28.89,2.02
2015-08-06,28.81,1.97
2015-08-07,29.38,3.49
2015-08-08,28.58,7.95
2015-08-09,29.08,10.15
2015-08-10,28.39,5.18
2015-08-11,30.09,5.02
2015-08-12,29.07,1.67
2015-08-13,29.63,1.35
2015-08-14,29.5,2.69
2015-08-15,28.71,9.87
2015-08-16,29.33,22.38
2015-08-17,29.3,13.63
2015-08-18,28.67,16.75
2015-08-19,28.76,32.41
2015-08-20,28.41,35.36
2015-08-21,28.38,94.15
2015-08-22,28.33,19.95
2015-08-23,29.03,6.41
2015-08-24,28.72,4.17
2015-08-25,28.56,1.65
2015-08-26,28.92,2.87
2015-08-27,29.09,3.0
2015-08-28,28.54,5.15
2015-08-29,28.68,10.68
2015-08-30,28.28,41.59
2015-08-31,28.21,45.15
2015-09-01,28.16,14.73
2015-09-02,27.51,23.58
2015-09-03,27.63,15.27
2015-09-04,27.54,26.64
2015-09-05,27.4,12.99
2015-09-06,28.55,12.75
2015-09-07,28.58,1.55
2015-09-08,28.43,10.34
2015-09-09,29.24,0.32
2015-09-10,29.56,1.03
2015-09-11,28.21,12.74
2015-09-12,29.12,3.86
2015-09-13,28.76,0.4
2015-09-14,28.43,0.48
2015-09-15,28.68,2.01
2015-09-16,28.67,1.76
2015-09-17,29.5,0.0
2015-09-18,30.63,0.05
2015-09-19,28.59,7.78
2015-09-20,27.23,43.42
2015-09-21,27.36,63.9
2015-09-22,27.82,25.79
2015-09-23,27.73,15.55
2015-09-24,27.29,2.18
2015-09-25,27.23,0.4
2015-09-26,27.22,0.0
2015-09-27,27.33,0.0
2015-09-28,27.67,0.0
2015-09-29,28.33,0.0
2015-09-30,28.31,0.0
2015-10-01,28.48,0.0
2015-10-02,28.71,0.21
2015-10-03,28.34,0.03
2015-10-04,28.39,0.0
2015-10-05,27.58,0.57
2015-10-06,28.46,2.2
2015-10-07,28.45,0.79
2015-10-08,27.87,1.0
2015-10-09,27.37,0.08
2015-10-10,26.64,0.35
2015-10-11,26.86,2.56
2015-10-12,25.4,3.23
2015-10-13,25.76,0.88
2015-10-14,25.27,1.45
2015-10-15,25.76,1.88
2015-10-16,26.24,2.63
2015-10-17,26.46,0.32
2015-10-18,26.93,0.0
2015-10-19,26.84,0.0
2015-10-20,26.57,0.0
2015-10-21,26.38,0.0
2015-10-22,26.19,6.51
2015-10-23,25.41,1.51
2015-10-24,25.37,0.0
2015-10-25,24.95,0.0
2015-10-26,25.21,0.0
2015-10-27,24.88,0.0
2015-10-28,25.48,0.0
2015-10-29,26.19,0.0
2015-10-30,25.28,0.0
2015-10-31,25.49,0.04
2015-11-01,25.14,0.08
2015-11-02,24.88,0.0
2015-11-03,24.58,0.11
2015-11-04,24.21,0.05
2015-11-05,24.1,0.28
2015-11-06,24.27,0.02
2015-11-07,25.02,0.0
2015-11-08,24.01,0.0
2015-11-09,23.65,0.0
2015-11-10,24.35,0.0
2015-11-11,23.99,0.0
2015-11-12,23.69,0.0
2015-11-13,23.75,0.0
2015-11-14,23.7,0.0
2015-11-15,23.37,0.0
2015-11-16,23.31,0.0
2015-11-17,23.51,0.0
2015-11-18,23.2,0.0
2015-11-19,23.08,0.0
2015-11-20,23.23,0.0
2015-11-21,23.28,0.0
2015-11-22,23.88,0.0
2015-11-23,24.05,0.0
2015-11-24,23.86,0.0
2015-11-25,23.92,0.0
2015-11-26,23.86,0.0
2015-11-27,23.02,0.0
2015-11-28,23.2,0.0
2015-11-29,23.31,0.0
2015-11-30,23.57,0.0
2015-12-01,23.67,0.0
2015-12-02,23.01,0.0
2015-12-03,21.94,0.29
2015-12-04,21.74,0.02
2015-12-05,22.03,0.0
2015-12-06,21.37,0.0
2015-12-07,21.71,0.0
2015-12-08,22.18,0.0
2015-12-09,21.65,0.0
2015-12-10,20.16,0.0
2015-12-11,20.63,0.0
2015-12-12,20.66,0.0
2015-12-13,20.66,0.06
2015-12-14,18.28,0.0
2015-12-15,16.52,0.0
2015-12-16,17.62,0.0
2015-12-17,18.01,0.0
2015-12-18,16.04,0.04
2015-12-19,15.62,0.0
2015-12-20,16.77,0.0
2015-12-21,16.68,0.0
2015-12-22,17.33,0.0
2015-12-23,18.15,0.0
2015-12-24,18.01,0.0
2015-12-25,16.32,0.0
2015-12-26,15.45,0.0
2015-12-27,17.01,0.0
2015-12-28,17.61,0.0
2015-12-29,18.4,0.0
2015-12-30,19.25,0.0
2015-12-31,19.81,0.0
2016-01-01,19.61,0.0
2016-01-02,19.95,0.0
2016-01-03,18.29,0.0
2016-01-04,17.85,0.0
2016-01-05,18.47,0.0
2016-01-06,18.91,0.0
2016-01-07,19.08,0.0
2016-01-08,18.75,0.0
2016-01-09,18.73,0.0
2016-01-10,18.21,0.0
2016-01-11,17.77,0.0
2016-01-12,17.56,0.0
2016-01-13,17.76,0.0
2016-01-14,18.21,0.0
2016-01-15,18.27,0.0
2016-01-16,18.51,0.0
2016-01-17,18.87,0.0
2016-01-18,18.62,0.0
2016-01-19,19.39,0.34
2016-01-20,16.28,33.35
2016-01-21,17.22,0.12
2016-01-22,15.57,0.0
2016-01-23,14.16,0.0
2016-01-24,14.43,0.0
2016-01-25,14.91,0.0
2016-01-26,15.43,0.0
2016-01-27,16.44,0.01
2016-01-28,18.08,0.0
2016-01-29,18.48,0.0
2016-01-30,18.83,0.0
2016-01-31,19.64,0.0
2016-02-01,20.33,0.0
2016-02-02,20.38,0.0
2016-02-03,19.72,0.0
2016-02-04,18.8,0.0
2016-02-05,18.39,0.0
2016-02-06,20.11,0.0
2016-02-07,20.6,0.0
2016-02-08,20.96,0.4
2016-02-09,20.91,0.09
2016-02-10,20.41,0.0
2016-02-11,21.16,0.0
2016-02-12,21.98,0.25
2016-02-13,21.61,0.0
2016-02-14,22.73,0.0
2016-02-15,23.83,0.0
2016-02-16,23.7,0.0
2016-02-17,24.03,0.0
2016-02-18,24.89,0.0
2016-02-19,25.76,0.0
2016-02-20,25.81,0.0
2016-02-21,27.18,0.0
2016-02-22,25.04,0.0
2016-02-23,23.13,0.0
2016-02-24,23.92,0.25
2016-02-25,23.8,0.14
2016-02-26,23.91,0.0
2016-02-27,25.1,0.0
2016-02-28,25.92,0.0
2016-02-29,26.4,0.0
2016-03-01,26.41,0.0
2016-03-02,26.56,0.0
2016-03-03,27.07,0.0
2016-03-04,27.64,0.0
2016-03-05,27.62,0.0
2016-03-06,28.18,0.0
2016-03-07,27.33,0.61
2016-03-08,27.66,0.0
2016-03-09,28.4,0.0
2016-03-10,28.62,0.0
2016-03-11,28.55,0.0
2016-03-12,28.8,0.0
2016-03-13,28.7,1.58
2016-03-14,28.24,0.0
2016-03-15,28.07,0.0
2016-03-16,28.12,0.0
2016-03-17,26.59,0.0
2016-03-18,27.27,0.0
2016-03-19,28.52,0.3
2016-03-20,29.39,2.95
2016-03-21,29.36,4.8
2016-03-22,28.38,0.07
2016-03-23,28.34,0.0
2016-03-24,28.17,0.0
2016-03-25,29.6,0.0
2016-03-26,30.17,0.0
2016-03-27,30.34,9.73
2016-03-28,27.66,24.78
2016-03-29,28.33,2.35
2016-03-30,28.82,1.24
2016-03-31,27.29,16.43
2016-04-01,24.64,20.73
2016-04-02,26.9,0.02
2016-04-03,28.68,3.91
2016-04-04,29.09,1.77
2016-04-05,30.51,6.32
2016-04-06,29.64,3.87
2016-04-07,30.61,0.02
2016-04-08,31.67,0.08
2016-04-09,32.09,0.01
2016-04-10,32.26,0.04
2016-04-11,31.86,0.0
2016-04-12,32.3,0.04
2016-04-13,31.66,0.01
2016-04-14,30.66,0.53
2016-04-15,31.44,1.04
2016-04-16,31.75,6.58
2016-04-17,30.47,2.04
2016-04-18,30.6,7.16
2016-04-19,32.42,3.04
2016-04-20,31.68,0.9
2016-04-21,32.65,2.34
2016-04-22,32.47,0.02
2016-04-23,33.55,0.05
2016-04-24,33.68,0.23
2016-04-25,32.05,0.02
2016-04-26,32.72,0.07
2016-04-27,32.71,0.61
2016-04-28,33.3,2.21
2016-04-29,33.16,5.59
2016-04-30,33.34,0.04
2016-05-01,31.88,3.29
2016-05-02,29.27,1.34
2016-05-03,29.88,0.26
2016-05-04,28.32,16.18
2016-05-05,29.74,6.75
2016-05-06,30.62,3.53
2016-05-07,29.84,14.46
2016-05-08,29.66,15.6
2016-05-09,30.68,3.65
2016-05-10,31.15,6.11
2016-05-11,31.49,12.66
2016-05-12,31.12,6.36
2016-05-13,29.61,13.32
2016-05-14,29.73,20.38
2016-05-15,30.38,16.25
2016-05-16,31.33,17.24
2016-05-17,30.39,25.01
2016-05-18,29.77,27.26
2016-05-19,27.83,53.53
2016-05-20,27.88,7.97
2016-05-21,27.96,3.8
2016-05-22,29.4,0.36
2016-05-23,30.14,1.52
2016-05-24,31.07,11.01
2016-05-25,30.54,10.82
2016-05-26,30.0,6.77
2016-05-27,29.17,28.54
2016-05-28,29.02,22.44
2016-05-29,29.67,5.08
2016-05-30,30.23,1.11
2016-05-31,30.2,16.14
2016-06-01,29.61,10.7
2016-06-02,30.01,0.61
2016-06-03,30.22,0.01
2016-06-04,30.03,0.01
2016-06-05,30.25,0.79
2016-06-06,29.03,3.24
2016-06-07,29.45,9.32
2016-06-08,29.97,6.87
2016-06-09,29.8,9.07
2016-06-10,31.73,5.08
2016-06-11,32.55,1.03
2016-06-12,31.23,7.44
2016-06-13,29.1,21.47
2016-06-14,29.67,5.47
2016-06-15,29.06,21.66
2016-06-16,29.7,17.17
2016-06-17,28.75,2.16
2016-06-18,29.11,9.38
2016-06-19,29.61,12.72
2016-06-20,29.38,16.04
2016-06-21,29.11,24.06
2016-06-22,29.03,22.08
2016-06-23,28.77,18.61
2016-06-24,28.38,33.97
2016-06-25,29.08,24.9
2016-06-26,30.02,10.27
2016-06-27,29.63,25.21
2016-06-28,30.23,1.47
2016-06-29,29.83,3.59
2016-06-30,29.35,8.25
2016-07-01,29.67,5.89
2016-07-02,28.77,25.11
2016-07-03,28.67,67.88
2016-07-04,28.57,47.49
2016-07-05,28.86,41.2
2016-07-06,29.12,17.96
2016-07-07,29.54,9.27
2016-07-08,29.47,3.11
2016-07-09,29.43,5.51
2016-07-10,29.12,7.33
2016-07-11,29.42,5.24
2016-07-12,29.31,5.9
2016-07-13,29.51,8.78
2016-07-14,29.07,3.09
2016-07-15,29.16,6.86
2016-07-16,28.29,35.65
2016-07-17,28.46,61.63
2016-07-18,28.77,33.16
2016-07-19,28.58,16.67
2016-07-20,28.56,26.87
2016-07-21,28.34,26.92
2016-07-22,28.28,32.45
2016-07-23,27.85,22.59
2016-07-24,28.07,11.96
2016-07-25,27.65,26.22
2016-07-26,27.69,15.11
2016-07-27,28.27,4.58
2016-07-28,28.94,9.67
2016-07-29,29.33,7.53
2016-07-30,29.38,8.4
2016-07-31,28.91,5.39
2016-08-01,28.83,10.07
2016-08-02,28.34,29.44
2016-08-03,29.71,4.44
2016-08-04,29.25,1.21
2016-08-05,28.28,1.94
2016-08-06,28.15,2.94
2016-08-07,28.08,3.66
2016-08-08,28.54,2.98
2016-08-09,28.71,3.73
2016-08-10,28.19,6.81
2016-08-11,28.51,6.51
2016-08-12,28.61,0.91
2016-08-13,29.33,1.79
2016-08-14,28.65,4.31
2016-08-15,29.76,4.72
2016-08-16,29.56,5.47
2016-08-17,29.2,6.44
2016-08-18,28.27,1.67
2016-08-19,28.74,0.18
2016-08-20,29.19,0.03
2016-08-21,29.18,4.34
2016-08-22,28.13,15.41
2016-08-23,28.89,1.23
2016-08-24,29.8,0.01
2016-08-25,31.07,1.42
2016-08-26,29.25,5.67
2016-08-27,29.58,0.98
2016-08-28,29.19,13.72
2016-08-29,28.35,15.89
2016-08-30,29.1,12.38
2016-08-31,28.3,12.04
2016-09-01,28.5,7.59
2016-09-02,28.65,14.65
2016-09-03,28.6,28.11
2016-09-04,28.47,15.86
2016-09-05,28.81,5.84
2016-09-06,29.03,2.23
2016-09-07,28.3,5.43
2016-09-08,28.78,2.33
2016-09-09,28.87,2.61
2016-09-10,28.01,9.81
2016-09-11,26.95,8.79
2016-09-12,28.04,16.82
2016-09-13,26.99,14.13
2016-09-14,26.74,2.43
2016-09-15,27.98,11.09
2016-09-16,27.62,5.33
2016-09-17,28.07,3.57
2016-09-18,27.73,30.35
2016-09-19,27.95,32.34
2016-09-20,27.78,21.97
2016-09-21,27.52,23.2
2016-09-22,27.81,3.89
2016-09-23,26.67,9.66
2016-09-24,27.46,16.51
2016-09-25,27.52,48.57
2016-09-26,27.55,32.33
2016-09-27,28.11,7.07
2016-09-28,28.79,9.44
2016-09-29,28.65,15.87
2016-09-30,28.89,2.5
2016-10-01,28.38,0.28
2016-10-02,28.58,0.69
2016-10-03,28.58,3.84
2016-10-04,28.68,1.03
2016-10-05,28.96,1.85
2016-10-06,27.94,4.15
2016-10-07,27.77,3.46
2016-10-08,27.91,11.65
2016-10-09,27.34,15.9
2016-10-10,27.15,32.0
2016-10-11,26.94,38.8
2016-10-12,25.46,41.4
2016-10-13,26.12,5.35
2016-10-14,26.21,0.56
2016-10-15,25.27,0.0
2016-10-16,25.94,0.0
2016-10-17,26.35,0.0
2016-10-18,26.68,0.0
2016-10-19,25.98,0.0
2016-10-20,25.01,0.0
2016-10-21,24.88,0.0
2016-10-22,25.42,0.0
2016-10-23,24.96,0.0
2016-10-24,24.9,0.0
2016-10-25,25.93,0.0
2016-10-26,26.0,1.04
2016-10-27,24.81,2.25
2016-10-28,25.71,3.44
2016-10-29,24.67,0.04
2016-10-30,24.78,0.35
2016-10-31,25.19,0.1
2016-11-01,25.28,0.01
2016-11-02,25.78,0.0
2016-11-03,25.74,0.0
2016-11-04,25.21,0.0
2016-11-05,24.42,0.16
2016-11-06,22.98,0.23
2016-11-07,22.91,0.01
2016-11-08,22.27,0.0
2016-11-09,22.76,0.0
2016-11-10,23.64,0.0
2016-11-11,23.39,0.0
2016-11-12,23.34,0.0
2016-11-13,22.3,0.0
2016-11-14,20.54,0.0
2016-11-15,19.74,0.0
2016-11-16,19.5,0.0
2016-11-17,19.48,0.0
2016-11-18,19.35,0.0
2016-11-19,20.33,0.0
2016-11-20,22.29,0.0
2016-11-21,21.79,0.0
2016-11-22,20.94,0.0
2016-11-23,21.19,0.0
2016-11-24,21.6,0.0
2016-11-25,21.17,0.0
2016-11-26,22.07,0.0
2016-11-27,22.81,0.0
2016-11-28,22.7,0.0
2016-11-29,22.64,0.0
2016-11-30,22.7,0.0
2016-12-01,22.81,0.0
2016-12-02,22.45,0.0
2016-12-03,21.47,0.0
2016-12-04,20.36,0.0
2016-12-05,19.76,0.0
2016-12-06,21.37,0.0
2016-12-07,21.63,0.0
2016-12-08,20.72,0.0
2016-12-09,18.89,0.0
2016-12-10,18.14,0.0
2016-12-11,17.27,0.0
2016-12-12,15.88,0.0
2016-12-13,16.11,0.0
2016-12-14,16.47,0.0
2016-12-15,16.6,0.0
2016-12-16,18.56,0.0
2016-12-17,19.83,0.0
2016-12-18,19.11,0.0
2016-12-19,18.22,0.0
2016-12-20,16.45,0.0
2016-12-21,16.08,0.0
2016-12-22,18.53,0.0
2016-12-23,20.47,0.0
2016-12-24,19.44,0.0
2016-12-25,19.65,0.1
2016-12-26,20.05,3.49
2016-12-27,18.92,0.0
2016-12-28,18.07,0.81
2016-12-29,19.39,0.0
2016-12-30,20.28,0.0
2016-12-31,20.71,0.0
2017-01-01,20.4,0.0
2017-01-02,20.04,0.0
2017-01-03,20.1,0.23
2017-01-04,18.73,0.0
2017-01-05,17.3,0.0
2017-01-06,16.98,0.0
2017-01-07,17.44,0.0
2017-01-08,18.53,0.0
2017-01-09,18.86,0.0
2017-01-10,17.95,0.14
2017-01-11,17.07,0.01
2017-01-12,15.26,0.02
2017-01-13,12.9,0.0
2017-01-14,12.58,0.0
2017-01-15,13.78,0.0
2017-01-16,14.84,0.0
2017-01-17,16.48,0.0
2017-01-18,17.79,0.0
2017-01-19,18.09,0.0
2017-01-20,17.64,0.0
2017-01-21,17.31,0.0
2017-01-22,17.34,0.0
2017-01-23,17.87,0.0
2017-01-24,19.55,0.0
2017-01-25,20.19,0.0
2017-01-26,20.92,0.0
2017-01-27,22.13,0.18
2017-01-28,19.67,0.88
2017-01-29,17.77,1.51
2017-01-30,18.9,0.0
2017-01-31,18.99,0.0
2017-02-01,19.63,0.0
2017-02-02,18.75,0.0
2017-02-03,18.23,0.0
2017-02-04,20.42,0.0
2017-02-05,22.04,0.0
2017-02-06,22.07,0.0
2017-02-07,20.91,0.0
2017-02-08,20.06,0.0
2017-02-09,19.82,0.0
2017-02-10,20.09,0.0
2017-02-11,21.23,0.0
2017-02-12,21.99,0.0
2017-02-13,22.47,0.0
2017-02-14,22.39,0.0
2017-02-15,21.89,0.0
2017-02-16,22.15,0.0
2017-02-17,22.75,0.0
2017-02-18,23.59,0.0
2017-02-19,23.88,0.0
2017-02-20,23.74,0.0
2017-02-21,24.5,0.1
2017-02-22,25.21,1.5
2017-02-23,22.57,0.02
2017-02-24,21.24,0.04
2017-02-25,20.72,0.0
2017-02-26,21.91,0.0
2017-02-27,22.67,0.0
2017-02-28,23.15,0.0
2017-03-01,24.47,0.0
2017-03-02,25.07,0.0
2017-03-03,25.58,0.0
2017-03-04,25.39,0.01
2017-03-05,25.78,1.25
2017-03-06,23.99,0.0
2017-03-07,23.97,1.28
2017-03-08,24.9,0.0
2017-03-09,24.2,0.07
2017-03-10,25.92,0.98
2017-03-11,24.47,17.86
2017-03-12,23.75,0.2
2017-03-13,21.95,0.09
2017-03-14,22.54,0.0
2017-03-15,22.02,0.0
2017-03-16,22.58,0.0
2017-03-17,24.97,0.0
2017-03-18,24.86,1.99
2017-03-19,24.21,0.24
2017-03-20,23.72,5.49
2017-03-21,24.11,8.26
2017-03-22,25.38,7.26
2017-03-23,26.79,0.0
2017-03-24,28.06,0.45
2017-03-25,26.96,21.71
2017-03-26,26.54,2.82
2017-03-27,27.88,0.06
2017-03-28,28.2,10.96
2017-03-29,27.3,24.25
2017-03-30,29.55,1.55
2017-03-31,28.5,6.4
2017-04-01,29.12,4.31
2017-04-02,28.83,6.77
2017-04-03,28.97,4.82
2017-04-04,27.09,13.94
2017-04-05,26.98,6.41
2017-04-06,28.1,2.23
2017-04-07,29.65,3.03
2017-04-08,30.54,4.7
2017-04-09,29.9,1.71
2017-04-10,26.92,0.03
2017-04-11,26.8,0.01
2017-04-12,27.14,0.0
2017-04-13,28.77,0.0
2017-04-14,28.88,0.0
2017-04-15,28.67,9.48
2017-04-16,26.84,37.14
2017-04-17,27.53,0.0
2017-04-18,28.63,0.01
2017-04-19,28.25,22.66
2017-04-20,27.15,21.07
2017-04-21,26.35,31.65
2017-04-22,26.84,48.96
2017-04-23,27.06,13.82
2017-04-24,27.73,16.83
2017-04-25,28.76,7.63
2017-04-26,28.83,3.3
2017-04-27,28.74,1.62
2017-04-28,28.12,1.17
2017-04-29,27.9,10.76
2017-04-30,28.36,1.27
2017-05-01,27.79,14.92
2017-05-02,27.28,4.3
2017-05-03,27.74,0.01
2017-05-04,28.13,20.41
2017-05-05,28.77,4.23
2017-05-06,28.1,4.92
2017-05-07,28.2,3.44
2017-05-08,28.95,14.88
2017-05-09,28.03,26.49
2017-05-10,27.92,4.59
2017-05-11,28.31,2.7
2017-05-12,28.86,6.95
2017-05-13,29.07,14.51
2017-05-14,29.08,12.31
2017-05-15,28.97,5.71
2017-05-16,27.52,38.91
2017-05-17,28.8,1.88
2017-05-18,29.68,1.21
2017-05-19,29.91,14.52
2017-05-20,29.72,11.22
2017-05-21,29.63,19.21
2017-05-22,29.8,19.17
2017-05-23,29.3,13.55
2017-05-24,30.03,11.82
2017-05-25,29.98,6.84
2017-05-26,29.44,13.23
2017-05-27,29.63,15.88
2017-05-28,30.24,4.04
2017-05-29,30.51,1.22
2017-05-30,26.85,3.7
2017-05-31,28.49,1.41
2017-06-01,29.39,10.12
2017-06-02,29.72,22.29
2017-06-03,30.73,14.42
2017-06-04,30.51,10.42
2017-06-05,29.64,23.51
2017-06-06,29.93,5.4
2017-06-07,30.2,0.08
2017-06-08,30.64,4.43
2017-06-09,30.25,1.23
2017-06-10,30.01,2.2
2017-06-11,29.1,8.07
2017-06-12,28.43,13.24
2017-06-13,30.35,7.93
2017-06-14,29.19,22.35
2017-06-15,28.84,2.22
2017-06-16,27.59,39.53
2017-06-17,29.06,9.05
2017-06-18,30.24,20.1
2017-06-19,28.81,56.97
2017-06-20,27.8,24.62
2017-06-21,27.82,21.59
2017-06-22,28.43,33.29
2017-06-23,28.59,16.75
2017-06-24,29.33,3.82
2017-06-25,29.29,1.11
2017-06-26,28.97,1.68
2017-06-27,29.04,0.17
2017-06-28,29.32,1.19
2017-06-29,29.08,2.84
2017-06-30,29.16,12.07
2017-07-01,29.19,21.27
2017-07-02,29.14,13.79
2017-07-03,28.94,19.9
2017-07-04,28.53,15.94
2017-07-05,28.83,7.92
2017-07-06,28.94,11.23
2017-07-07,28.49,4.0
2017-07-08,28.73,9.11
2017-07-09,28.3,33.76
2017-07-10,28.25,20.17
2017-07-11,27.31,29.76
2017-07-12,28.03,36.14
2017-07-13,28.68,1.51
2017-07-14,28.3,0.96
2017-07-15,29.26,0.72
2017-07-16,29.77,5.36
2017-07-17,29.6,2.89
2017-07-18,30.55,1.54
2017-07-19,28.27,7.42
2017-07-20,27.84,10.76
2017-07-21,28.19,6.07
2017-07-22,28.54,4.65
2017-07-23,28.15,15.96
2017-07-24,27.69,19.53
2017-07-25,27.2,44.51
2017-07-26,27.91,17.45
2017-07-27,28.53,4.78
2017-07-28,28.74,9.86
2017-07-29,28.55,16.64
2017-07-30,28.56,29.51
2017-07-31,29.26,15.43
2017-08-01,29.29,8.98
2017-08-02,29.09,8.82
2017-08-03,29.3,9.95
2017-08-04,29.43,10.2
2017-08-05,29.83,2.97
2017-08-06,29.41,2.21
2017-08-07,29.23,2.86
2017-08-08,29.47,8.58
2017-08-09,28.96,33.2
2017-08-10,28.3,48.52
2017-08-11,28.01,92.76
2017-08-12,28.04,135.0
2017-08-13,27.7,57.35
2017-08-14,27.84,18.77
2017-08-15,28.71,7.32
2017-08-16,28.77,4.16
2017-08-17,29.19,1.9
2017-08-18,28.23,0.65
2017-08-19,28.6,0.82
2017-08-20,28.5,2.14
2017-08-21,28.91,3.82
2017-08-22,29.46,10.88
2017-08-23,29.04,17.27
2017-08-24,29.03,6.14
2017-08-25,28.41,0.9
2017-08-26,28.42,15.33
2017-08-27,28.37,68.33
2017-08-28,28.18,10.24
2017-08-29,28.45,4.02
2017-08-30,28.57,4.62
2017-08-31,28.56,6.97
2017-09-01,28.19,4.46
2017-09-02,27.97,29.2
2017-09-03,27.85,17.82
2017-09-04,28.5,4.04
2017-09-05,28.67,3.09
2017-09-06,28.36,5.86
2017-09-07,28.45,10.13
2017-09-08,28.21,11.74
2017-09-09,27.7,26.61
2017-09-10,27.82,14.28
2017-09-11,27.25,7.76
2017-09-12,27.25,2.77
2017-09-13,28.27,3.67
2017-09-14,28.44,4.46
2017-09-15,29.28,0.36
2017-09-16,30.43,0.04
2017-09-17,29.67,4.05
2017-09-18,28.36,7.47
2017-09-19,27.5,14.24
2017-09-20,27.81,16.88
2017-09-21,28.17,14.45
2017-09-22,27.96,7.81
2017-09-23,28.53,7.17
2017-09-24,28.7,4.66
2017-09-25,29.23,1.55
2017-09-26,29.13,0.2
2017-09-27,29.29,0.24
2017-09-28,28.88,3.17
2017-09-29,27.22,27.46
2017-09-30,26.43,32.25
2017-10-01,26.79,14.63
2017-10-02,26.46,46.44
2017-10-03,27.61,13.98
2017-10-04,28.15,0.32
2017-10-05,28.36,0.08
2017-10-06,28.02,0.44
2017-10-07,27.89,0.45
2017-10-08,27.34,0.53
2017-10-09,27.27,2.56
2017-10-10,27.7,1.57
2017-10-11,28.49,0.12
2017-10-12,28.27,0.08
2017-10-13,27.88,7.19
2017-10-14,28.08,5.45
2017-10-15,27.68,1.02
2017-10-16,28.22,0.48
2017-10-17,27.81,0.0
2017-10-18,28.21,0.24
2017-10-19,27.36,0.76
2017-10-20,25.54,69.29
2017-10-21,24.92,53.63
2017-10-22,24.59,1.12
2017-10-23,24.71,2.16
2017-10-24,24.9,0.03
2017-10-25,25.63,0.1
2017-10-26,24.71,0.06
2017-10-27,24.42,0.0
2017-10-28,24.22,0.0
2017-10-29,23.81,1.09
2017-10-30,22.95,23.22
2017-10-31,22.38,2.37
2017-11-01,22.99,0.0
2017-11-02,22.89,0.0
2017-11-03,23.35,0.0
2017-11-04,23.95,0.0
2017-11-05,24.01,0.0
2017-11-06,23.68,0.0
2017-11-07,23.7,0.0
2017-11-08,23.88,0.0
2017-11-09,23.97,0.0
2017-11-10,23.61,0.0
2017-11-11,24.01,0.0
2017-11-12,23.65,0.0
2017-11-13,23.39,0.0
2017-11-14,23.2,0.0
2017-11-15,22.47,0.48
2017-11-16,22.74,1.84
2017-11-17,24.02,1.06
2017-11-18,24.52,0.57
2017-11-19,23.91,0.0
2017-11-20,22.4,0.0
2017-11-21,20.42,0.0
2017-11-22,18.05,0.0
2017-11-23,17.59,0.0
2017-11-24,17.51,0.0
2017-11-25,17.92,0.0
2017-11-26,19.19,0.0
2017-11-27,18.39,0.0
2017-11-28,17.89,0.01
2017-11-29,18.64,0.0
2017-11-30,18.89,0.0
2017-12-01,19.5,0.0
2017-12-02,19.97,0.0
2017-12-03,19.63,0.0
2017-12-04,19.4,0.0
2017-12-05,19.94,0.0
2017-12-06,19.81,0.0
2017-12-07,20.82,0.0
2017-12-08,20.97,0.0
2017-12-09,20.83,1.44
2017-12-10,21.43,8.29
2017-12-11,21.7,3.64
2017-12-12,20.99,0.01
2017-12-13,19.97,0.0
2017-12-14,19.3,0.0
2017-12-15,18.39,0.0
2017-12-16,18.73,0.0
2017-12-17,18.28,0.0
2017-12-18,17.82,0.0
2017-12-19,18.19,0.0
2017-12-20,19.76,0.0
2017-12-21,20.27,0.0
2017-12-22,19.78,0.0
2017-12-23,19.04,0.0
2017-12-24,18.07,0.0
2017-12-25,18.71,0.0
2017-12-26,17.71,0.0
2017-12-27,16.74,0.0
2017-12-28,17.97,0.0
2017-12-29,18.79,0.0
2017-12-30,19.38,0.0
2017-12-31,19.58,0.0
2018-01-01,19.01,0.0
2018-01-02,19.06,0.0
2018-01-03,14.9,0.0
2018-01-04,13.67,0.0
2018-01-05,13.81,0.0
2018-01-06,12.31,0.0
2018-01-07,12.13,0.0
2018-01-08,12.8,0.0
2018-01-09,13.12,0.0
2018-01-10,12.33,0.0
2018-01-11,12.59,0.0
2018-01-12,14.09,0.0
2018-01-13,14.76,0.0
2018-01-14,15.05,0.0
2018-01-15,14.71,0.0
2018-01-16,15.2,0.0
2018-01-17,15.9,0.0
2018-01-18,15.77,0.0
2018-01-19,14.73,0.0
2018-01-20,15.21,0.0
2018-01-21,15.85,0.0
2018-01-22,15.58,0.0
2018-01-23,16.36,0.0
2018-01-24,17.08,0.0
2018-01-25,16.92,0.0
2018-01-26,15.83,0.0
2018-01-27,14.7,0.02
2018-01-28,15.21,0.0
2018-01-29,15.42,0.0
2018-01-30,15.55,0.0
2018-01-31,16.32,0.0
2018-02-01,18.02,0.0
2018-02-02,18.57,0.0
2018-02-03,19.03,0.0
2018-02-04,18.81,0.0
2018-02-05,19.42,0.0
2018-02-06,19.15,0.0
2018-02-07,19.34,0.0
2018-02-08,19.71,0.0
2018-02-09,19.06,0.0
2018-02-10,19.83,0.01
2018-02-11,20.11,0.0
2018-02-12,19.77,0.0
2018-02-13,20.08,0.0
2018-02-14,20.45,0.0
2018-02-15,20.31,0.0
2018-02-16,20.27,0.0
2018-02-17,20.07,0.0
2018-02-18,20.97,0.0
2018-02-19,22.12,0.0
2018-02-20,22.61,0.0
2018-02-21,23.56,0.0
2018-02-22,23.11,0.0
2018-02-23,23.98,0.0
2018-02-24,23.65,0.0
2018-02-25,24.92,0.04
2018-02-26,23.73,12.0
2018-02-27,23.12,3.43
2018-02-28,23.86,0.21
2018-03-01,24.95,0.0
2018-03-02,24.57,0.2
2018-03-03,24.65,0.04
2018-03-04,24.68,0.0
2018-03-05,24.89,0.01
2018-03-06,24.77,0.0
2018-03-07,23.54,0.0
2018-03-08,24.24,0.0
2018-03-09,24.82,0.0
2018-03-10,24.54,0.0
2018-03-11,24.7,0.0
2018-03-12,25.42,0.22
2018-03-13,25.43,0.19
2018-03-14,25.47,0.0
2018-03-15,26.53,0.0
2018-03-16,27.01,0.01
2018-03-17,26.27,0.0
2018-03-18,26.54,0.0
2018-03-19,27.24,0.0
2018-03-20,26.99,0.0
2018-03-21,26.78,0.0
2018-03-22,27.29,0.01
2018-03-23,27.85,0.15
2018-03-24,28.61,0.06
2018-03-25,28.58,1.96
2018-03-26,28.28,1.16
2018-03-27,27.35,2.03
2018-03-28,27.97,0.09
2018-03-29,28.03,3.54
2018-03-30,27.07,5.93
2018-03-31,25.63,31.0
2018-04-01,26.76,5.6
2018-04-02,27.16,0.18
2018-04-03,28.24,0.0
2018-04-04,28.48,0.0
2018-04-05,27.96,5.06
2018-04-06,26.48,11.3
2018-04-07,27.29,1.02
2018-04-08,26.11,4.83
2018-04-09,27.23,2.69
2018-04-10,27.34,14.11
2018-04-11,27.05,16.66
2018-04-12,27.35,20.41
2018-04-13,27.46,2.9
2018-04-14,28.8,6.37
2018-04-15,28.27,0.43
2018-04-16,28.7,1.56
2018-04-17,27.52,11.77
2018-04-18,28.0,4.61
2018-04-19,28.0,6.15
2018-04-20,28.39,6.83
2018-04-21,28.91,11.42
2018-04-22,29.23,3.21
2018-04-23,29.31,0.31
2018-04-24,28.97,2.76
2018-04-25,28.3,6.94
2018-04-26,27.13,10.61
2018-04-27,25.82,3.46
2018-04-28,26.91,11.81
2018-04-29,25.48,67.32
2018-04-30,25.45,52.24
2018-05-01,26.05,8.98
2018-05-02,25.85,6.45
2018-05-03,26.33,13.12
2018-05-04,26.5,43.87
2018-05-05,27.21,7.64
2018-05-06,28.02,6.55
2018-05-07,28.52,8.41
2018-05-08,29.02,6.16
2018-05-09,28.84,13.56
2018-05-10,28.04,11.56
2018-05-11,27.03,5.42
2018-05-12,27.34,2.43
2018-05-13,27.7,1.08
2018-05-14,26.87,4.1
2018-05-15,27.35,20.62
2018-05-16,26.6,19.14
2018-05-17,26.64,1.5
2018-05-18,27.76,0.23
2018-05-19,28.07,0.99
2018-05-20,28.93,5.24
2018-05-21,28.63,4.23
2018-05-22,28.79,0.83
2018-05-23,28.1,6.42
2018-05-24,27.65,35.44
2018-05-25,28.47,24.76
2018-05-26,28.84,23.46
2018-05-27,28.91,31.49
2018-05-28,29.11,19.56
2018-05-29,28.97,13.13
2018-05-30,29.54,9.5
2018-05-31,28.74,19.19
2018-06-01,28.33,14.01
2018-06-02,28.05,5.92
2018-06-03,28.67,5.18
2018-06-04,28.96,3.59
2018-06-05,29.42,8.96
2018-06-06,29.87,7.41
2018-06-07,29.89,21.1
2018-06-08,29.19,11.54
2018-06-09,30.45,1.01
2018-06-10,30.21,6.56
2018-06-11,30.49,4.33
2018-06-12,31.14,4.21
2018-06-13,30.26,16.65
2018-06-14,30.01,26.32
2018-06-15,30.08,17.16
2018-06-16,28.79,16.55
2018-06-17,28.89,25.27
2018-06-18,29.84,14.41
2018-06-19,29.35,24.59
2018-06-20,28.92,6.57
2018-06-21,28.82,13.01
2018-06-22,29.23,8.37
2018-06-23,29.09,15.23
2018-06-24,28.72,39.04
2018-06-25,28.69,33.78
2018-06-26,29.15,25.64
2018-06-27,28.9,5.79
2018-06-28,28.36,5.01
2018-06-29,29.04,3.85
2018-06-30,28.79,4.6
2018-07-01,28.67,34.42
2018-07-02,28.81,48.79
2018-07-03,28.12,31.83
2018-07-04,28.47,13.68
2018-07-05,28.91,8.77
2018-07-06,29.64,6.21
2018-07-07,29.56,4.58
2018-07-08,29.64,5.06
2018-07-09,29.64,0.68
2018-07-10,29.55,1.95
2018-07-11,29.63,0.78
2018-07-12,29.06,1.46
2018-07-13,29.81,2.2
2018-07-14,30.64,0.41
2018-07-15,29.97,1.46
2018-07-16,29.71,7.31
2018-07-17,29.05,5.59
2018-07-18,30.25,2.28
2018-07-19,31.33,0.88
2018-07-20,30.4,4.36
2018-07-21,29.5,8.5
2018-07-22,29.3,10.93
2018-07-23,28.66,22.28
2018-07-24,28.39,18.65
2018-07-25,29.07,12.7
2018-07-26,28.83,8.97
2018-07-27,28.52,12.55
2018-07-28,28.67,12.98
2018-07-29,28.14,21.17
2018-07-30,28.12,21.64
2018-07-31,28.19,8.28
2018-08-01,29.11,20.19
2018-08-02,28.72,21.19
2018-08-03,28.3,6.07
2018-08-04,28.65,5.46
2018-08-05,29.03,3.26
2018-08-06,28.55,6.01
2018-08-07,28.29,5.77
2018-08-08,27.93,0.39
2018-08-09,28.5,0.37
2018-08-10,29.21,7.03
2018-08-11,29.15,11.6
2018-08-12,28.79,13.26
2018-08-13,29.79,3.7
2018-08-14,30.48,1.17
2018-08-15,29.11,7.23
2018-08-16,27.84,3.49
2018-08-17,29.3,1.35
2018-08-18,30.27,0.06
2018-08-19,30.97,2.06
2018-08-20,28.65,11.98
2018-08-21,28.8,8.73
2018-08-22,29.42,9.38
2018-08-23,29.5,17.69
2018-08-24,28.51,17.24
2018-08-25,29.07,9.36
2018-08-26,29.01,10.59
2018-08-27,28.69,2.63
2018-08-28,28.84,2.35
2018-08-29,29.17,1.36
2018-08-30,28.96,8.54
2018-08-31,29.54,4.66
2018-09-01,29.11,7.64
2018-09-02,28.66,11.84
2018-09-03,28.65,7.43
2018-09-04,29.72,4.84
2018-09-05,30.07,2.02
2018-09-06,28.79,0.4
2018-09-07,28.5,0.19
2018-09-08,28.8,1.8
2018-09-09,28.24,10.34
2018-09-10,27.76,21.02
2018-09-11,27.85,57.11
2018-09-12,27.91,42.61
2018-09-13,28.11,67.29
2018-09-14,27.86,29.56
2018-09-15,28.83,18.11
2018-09-16,28.27,0.88
2018-09-17,28.51,0.01
2018-09-18,28.54,0.0
2018-09-19,28.66,0.65
2018-09-20,27.7,7.64
2018-09-21,27.73,2.88
2018-09-22,27.61,0.04
2018-09-23,27.72,0.0
2018-09-24,28.05,2.44
2018-09-25,27.97,3.15
2018-09-26,27.31,1.42
2018-09-27,28.0,0.53
2018-09-28,28.05,0.34
2018-09-29,28.28,0.06
2018-09-30,27.78,0.01
2018-10-01,27.91,0.04
2018-10-02,27.6,0.0
2018-10-03,27.43,0.9
2018-10-04,27.62,1.9
2018-10-05,27.68,0.47
2018-10-06,27.92,1.01
2018-10-07,28.29,0.68
2018-10-08,27.57,0.11
2018-10-09,26.12,0.28
2018-10-10,25.59,2.44
2018-10-11,24.44,7.44
2018-10-12,24.3,6.87
2018-10-13,24.36,0.55
2018-10-14,24.42,3.16
2018-10-15,24.47,0.97
2018-10-16,25.01,0.0
2018-10-17,25.27,0.0
2018-10-18,24.87,0.3
2018-10-19,25.19,0.47
2018-10-20,25.57,0.0
2018-10-21,25.77,0.0
2018-10-22,25.77,0.0
2018-10-23,25.78,0.0
2018-10-24,25.2,0.0
2018-10-25,24.45,0.0
2018-10-26,24.41,0.0
2018-10-27,25.16,0.02
2018-10-28,24.6,0.44
2018-10-29,24.05,0.28
2018-10-30,24.31,0.53
2018-10-31,24.81,0.13
2018-11-01,25.88,0.0
2018-11-02,25.84,0.0
2018-11-03,24.96,0.02
2018-11-04,24.16,0.12
2018-11-05,24.62,0.31
2018-11-06,23.95,0.45
2018-11-07,22.39,0.03
2018-11-08,21.66,0.0
2018-11-09,22.28,0.0
2018-11-10,22.78,0.0
2018-11-11,23.22,0.0
2018-11-12,23.22,0.0
2018-11-13,22.91,0.0
2018-11-14,22.72,0.0
2018-11-15,22.36,0.0
2018-11-16,22.15,0.0
2018-11-17,22.31,0.0
2018-11-18,20.02,0.0
2018-11-19,19.75,0.0
2018-11-20,20.9,0.0
2018-11-21,20.98,0.0
2018-11-22,21.07,0.0
2018-11-23,22.11,0.0
2018-11-24,22.44,0.0
2018-11-25,21.5,0.0
2018-11-26,21.46,0.0
2018-11-27,22.04,0.0
2018-11-28,21.73,0.0
2018-11-29,22.17,0.0
2018-11-30,21.8,0.0
2018-12-01,21.69,0.0
2018-12-02,21.45,0.0
2018-12-03,21.2,0.0
2018-12-04,20.71,0.0
2018-12-05,19.85,0.0
2018-12-06,19.66,0.0
2018-12-07,19.4,0.0
2018-12-08,18.43,0.0
2018-12-09,19.32,0.0
2018-12-10,20.05,0.0
2018-12-11,20.6,0.0
2018-12-12,20.43,0.0
2018-12-13,20.32,0.0
2018-12-14,20.28,0.0
2018-12-15,19.24,0.0
2018-12-16,20.68,0.0
2018-12-17,20.6,0.61
2018-12-18,17.69,7.07
2018-12-19,16.64,0.03
2018-12-20,16.83,0.0
2018-12-21,17.46,0.0
2018-12-22,17.52,0.0
2018-12-23,18.34,0.0
2018-12-24,18.71,0.0
2018-12-25,16.69,0.0
2018-12-26,15.61,0.0
2018-12-27,15.02,0.0
2018-12-28,14.13,0.0
2018-12-29,13.98,0.01
2018-12-30,15.32,0.0
2018-12-31,16.22,0.0
2019-01-01,17.1,0.0
2019-01-02,17.0,0.0
2019-01-03,17.05,0.0
2019-01-04,15.92,0.0
2019-01-05,16.61,0.0
2019-01-06,17.74,0.0
2019-01-07,18.66,0.0
2019-01-08,18.6,0.0
2019-01-09,17.76,0.0
2019-01-10,16.93,0.0
2019-01-11,17.37,0.0
2019-01-12,18.07,0.0
2019-01-13,19.04,0.0
2019-01-14,18.09,0.0
2019-01-15,16.69,0.0
2019-01-16,16.76,0.0
2019-01-17,18.61,0.0
2019-01-18,19.25,0.0
2019-01-19,18.35,0.0
2019-01-20,18.6,0.0
2019-01-21,19.51,0.0
2019-01-22,20.21,0.0
2019-01-23,20.4,0.0
2019-01-24,20.67,0.0
2019-01-25,20.74,0.0
2019-01-26,21.21,0.0
2019-01-27,21.05,0.0
2019-01-28,20.1,0.01
2019-01-29,17.57,0.2
2019-01-30,16.79,0.0
2019-01-31,17.75,0.0
2019-02-01,18.58,0.0
2019-02-02,20.36,0.0
2019-02-03,20.48,0.0
2019-02-04,19.82,0.0
2019-02-05,20.44,0.0
2019-02-06,21.07,0.0
2019-02-07,21.1,0.0
2019-02-08,21.82,1.23
2019-02-09,20.39,5.58
2019-02-10,18.23,0.02
2019-02-11,18.46,0.04
2019-02-12,20.18,0.0
2019-02-13,21.77,0.0
2019-02-14,23.32,0.0
2019-02-15,23.25,0.02
2019-02-16,20.64,4.74
2019-02-17,20.84,0.28
2019-02-18,19.44,0.01
2019-02-19,22.19,0.0
2019-02-20,22.84,0.0
2019-02-21,21.75,0.0
2019-02-22,22.63,0.0
2019-02-23,24.91,0.0
2019-02-24,23.1,0.06
2019-02-25,23.28,0.17
2019-02-26,22.88,0.63
2019-02-27,21.68,1.74
2019-02-28,20.08,6.41
2019-03-01,19.31,0.0
2019-03-02,20.41,0.0
2019-03-03,20.75,0.0
2019-03-04,21.9,0.08
2019-03-05,23.57,3.67
2019-03-06,22.76,5.78
2019-03-07,22.22,0.0
2019-03-08,21.98,0.0
2019-03-09,22.89,0.0
2019-03-10,24.79,0.0
2019-03-11,25.4,0.0
2019-03-12,26.31,0.0
2019-03-13,27.0,0.0
2019-03-14,28.36,0.0
2019-03-15,28.15,0.0
2019-03-16,28.91,0.0
2019-03-17,27.19,0.0
2019-03-18,24.12,0.68
2019-03-19,26.07,0.15
2019-03-20,26.27,0.0
2019-03-21,28.02,0.03
2019-03-22,28.3,0.12
2019-03-23,28.31,0.06
2019-03-24,27.05,0.05
2019-03-25,27.38,0.0
2019-03-26,27.26,2.69
2019-03-27,26.98,2.9
2019-03-28,28.05,0.0
2019-03-29,28.98,0.0
2019-03-30,29.35,1.39
2019-03-31,29.01,6.18
2019-04-01,27.8,9.65
2019-04-02,28.19,1.31
2019-04-03,27.62,0.12
2019-04-04,27.86,0.8
2019-04-05,28.04,2.89
2019-04-06,27.78,8.16
2019-04-07,26.87,4.33
2019-04-08,28.29,2.73
2019-04-09,27.08,17.12
2019-04-10,27.46,0.43
2019-04-11,28.94,0.04
2019-04-12,30.07,0.66
2019-04-13,30.7,3.85
2019-04-14,30.73,2.26
2019-04-15,30.29,3.37
2019-04-16,29.56,12.94
2019-04-17,30.5,5.21
2019-04-18,28.97,0.0
2019-04-19,30.56,0.05
2019-04-20,30.13,0.23
2019-04-21,30.84,1.28
2019-04-22,29.45,1.3
2019-04-23,29.75,0.19
2019-04-24,31.47,0.05
2019-04-25,32.92,0.17
2019-04-26,33.25,0.26
2019-04-27,32.82,5.65
2019-04-28,31.75,19.96
2019-04-29,30.81,8.57
2019-04-30,31.21,2.52
2019-05-01,31.76,15.7
2019-05-02,30.8,16.41
2019-05-03,28.14,12.81
2019-05-04,25.41,26.62
2019-05-05,28.52,0.55
2019-05-06,29.95,0.18
2019-05-07,29.3,0.0
2019-05-08,30.95,0.3
2019-05-09,30.7,0.96
2019-05-10,31.58,1.2
2019-05-11,31.38,2.68
2019-05-12,31.78,5.1
2019-05-13,31.73,6.13
2019-05-14,30.9,6.76
2019-05-15,30.2,4.5
2019-05-16,29.94,4.6
2019-05-17,31.33,5.96
2019-05-18,31.87,4.7
2019-05-19,29.97,47.55
2019-05-20,30.26,5.01
2019-05-21,30.12,7.87
2019-05-22,30.07,10.51
2019-05-23,29.27,24.98
2019-05-24,29.97,30.37
2019-05-25,29.45,14.61
2019-05-26,29.52,2.88
2019-05-27,29.88,7.76
2019-05-28,29.71,5.02
2019-05-29,30.11,3.63
2019-05-30,30.28,11.46
2019-05-31,29.53,26.6
2019-06-01,29.27,27.89
2019-06-02,28.42,62.75
2019-06-03,28.35,19.93
2019-06-04,29.01,3.66
2019-06-05,29.07,8.61
2019-06-06,28.21,6.48
2019-06-07,28.19,3.65
2019-06-08,28.78,4.34
2019-06-09,29.47,5.36
2019-06-10,29.89,8.86
2019-06-11,29.68,7.23
2019-06-12,30.42,3.07
2019-06-13,32.11,0.0
2019-06-14,31.54,19.52
2019-06-15,29.77,16.12
2019-06-16,30.3,14.05
2019-06-17,29.88,14.5
2019-06-18,30.16,11.31
2019-06-19,30.84,0.58
2019-06-20,30.15,9.39
2019-06-21,29.99,4.87
2019-06-22,29.65,5.1
2019-06-23,29.81,3.62
2019-06-24,30.17,3.87
2019-06-25,30.36,12.32
2019-06-26,30.33,18.8
2019-06-27,29.48,42.5
2019-06-28,29.92,35.52
2019-06-29,29.56,32.63
2019-06-30,30.53,8.63
2019-07-01,30.26,5.82
2019-07-02,29.49,0.6
2019-07-03,29.45,1.45
2019-07-04,29.96,2.56
2019-07-05,29.53,4.94
2019-07-06,29.43,21.02
2019-07-07,29.46,25.77
2019-07-08,29.17,92.52
2019-07-09,28.69,94.81
2019-07-10,28.44,97.95
2019-07-11,28.32,61.29
2019-07-12,28.03,19.98
2019-07-13,28.14,73.24
2019-07-14,27.8,53.66
2019-07-15,28.8,92.16
2019-07-16,28.94,16.06
2019-07-17,29.03,5.09
2019-07-18,29.86,2.57
2019-07-19,29.23,16.04
2019-07-20,29.47,4.79
2019-07-21,29.38,7.69
2019-07-22,28.16,23.43
2019-07-23,28.02,76.29
2019-07-24,28.17,41.91
2019-07-25,28.81,18.09
2019-07-26,28.93,13.22
2019-07-27,28.8,8.61
2019-07-28,28.93,2.3
2019-07-29,28.57,1.26
2019-07-30,28.53,3.66
2019-07-31,28.61,3.99
2019-08-01,28.93,3.86
2019-08-02,29.19,4.99
2019-08-03,29.36,1.32
2019-08-04,29.75,1.03
2019-08-05,30.98,0.1
2019-08-06,30.18,5.79
2019-08-07,29.4,12.55
2019-08-08,28.59,13.58
2019-08-09,29.4,4.74
2019-08-10,30.17,9.5
2019-08-11,30.07,2.53
2019-08-12,30.69,5.98
2019-08-13,28.45,43.93
2019-08-14,28.39,32.87
2019-08-15,28.67,9.36
2019-08-16,28.69,13.6
2019-08-17,29.23,9.5
2019-08-18,28.62,6.23
2019-08-19,28.96,0.8
2019-08-20,29.36,0.26
2019-08-21,29.7,0.22
2019-08-22,29.99,0.97
2019-08-23,28.42,9.08
2019-08-24,28.08,15.44
2019-08-25,29.07,8.23
2019-08-26,29.04,0.82
2019-08-27,29.56,0.02
2019-08-28,29.22,5.99
2019-08-29,29.54,40.63
2019-08-30,29.46,32.71
2019-08-31,30.75,2.96
2019-09-01,29.81,3.67
2019-09-02,30.0,6.35
2019-09-03,28.12,13.8
2019-09-04,27.5,6.64
2019-09-05,28.49,4.96
2019-09-06,29.18,3.0
2019-09-07,29.08,5.27
2019-09-08,28.95,6.14
2019-09-09,29.29,8.71
2019-09-10,28.49,19.29
2019-09-11,29.03,12.55
2019-09-12,28.21,22.31
2019-09-13,27.99,34.77
2019-09-14,28.49,28.22
2019-09-15,28.8,28.84
2019-09-16,27.95,39.64
2019-09-17,27.85,17.37
2019-09-18,28.62,11.59
2019-09-19,29.06,1.13
2019-09-20,29.28,1.57
2019-09-21,30.1,4.86
2019-09-22,29.5,12.45
2019-09-23,27.41,35.08
2019-09-24,26.25,60.85
2019-09-25,25.58,101.37
2019-09-26,26.52,5.95
2019-09-27,26.48,12.2
2019-09-28,25.97,23.39
2019-09-29,23.98,36.69
2019-09-30,24.18,46.26
2019-10-01,25.93,43.35
2019-10-02,27.04,1.27
2019-10-03,27.32,0.11
2019-10-04,26.86,11.19
2019-10-05,27.29,12.82
2019-10-06,27.95,8.44
2019-10-07,27.14,6.41
2019-10-08,26.09,33.59
2019-10-09,25.51,26.54
2019-10-10,26.12,9.12
2019-10-11,26.37,1.45
2019-10-12,26.46,0.37
2019-10-13,25.5,0.0
2019-10-14,25.48,0.0
2019-10-15,26.17,0.0
2019-10-16,26.99,0.48
2019-10-17,27.08,0.49
2019-10-18,26.45,0.01
2019-10-19,25.55,0.0
2019-10-20,25.04,0.0
2019-10-21,24.69,0.04
2019-10-22,23.99,0.03
2019-10-23,22.95,0.19
2019-10-24,22.48,14.06
2019-10-25,22.45,32.63
2019-10-26,22.64,64.86
2019-10-27,23.11,0.84
2019-10-28,22.11,0.0
2019-10-29,23.05,0.0
2019-10-30,24.3,0.0
2019-10-31,24.51,0.0
2019-11-01,24.24,0.0
2019-11-02,24.12,0.0
2019-11-03,24.34,0.0
2019-11-04,24.67,0.0
2019-11-05,24.0,1.22
2019-11-06,22.97,0.67
2019-11-07,22.93,0.0
2019-11-08,24.01,0.01
2019-11-09,23.41,1.96
2019-11-10,22.88,1.14
2019-11-11,23.34,0.43
2019-11-12,22.76,0.03
2019-11-13,21.95,0.0
2019-11-14,23.33,0.0
2019-11-15,23.7,0.0
2019-11-16,22.92,0.0
2019-11-17,21.33,0.0
2019-11-18,21.4,0.0
2019-11-19,21.1,0.01
2019-11-20,20.33,0.0
2019-11-21,21.25,0.0
2019-11-22,21.57,0.0
2019-11-23,21.4,0.0
2019-11-24,21.08,0.0
2019-11-25,20.44,0.0
2019-11-26,21.72,0.0
2019-11-27,21.68,0.0
2019-11-28,21.98,0.0
2019-11-29,21.68,0.0
2019-11-30,20.44,0.0
2019-12-01,19.15,0.0
2019-12-02,19.06,0.0
2019-12-03,18.64,0.0
2019-12-04,18.04,0.0
2019-12-05,18.77,0.0
2019-12-06,18.78,0.0
2019-12-07,18.42,0.0
2019-12-08,19.09,0.0
2019-12-09,19.23,0.0
2019-12-10,18.25,0.0
2019-12-11,18.03,0.0
2019-12-12,18.13,0.0
2019-12-13,19.0,0.0
2019-12-14,19.52,0.01
2019-12-15,18.51,0.64
2019-12-16,18.59,0.0
2019-12-17,16.84,0.01
2019-12-18,14.48,0.0
2019-12-19,13.09,0.0
2019-12-20,13.93,0.0
2019-12-21,13.7,0.0
2019-12-22,14.14,0.0
2019-12-23,15.01,0.0
2019-12-24,14.45,0.0
2019-12-25,13.69,0.0
2019-12-26,14.52,0.0
2019-12-27,13.87,0.68
2019-12-28,12.46,0.01
2019-12-29,12.99,0.05
2019-12-30,14.5,0.0
2019-12-31,16.06,0.0
2020-01-01,17.65,1.6
2020-01-02,18.67,0.42
2020-01-03,16.46,12.56
2020-01-04,16.87,3.65
2020-01-05,15.31,0.55
2020-01-06,13.44,0.11
2020-01-07,13.4,0.0
2020-01-08,15.59,0.04
2020-01-09,15.89,2.06
2020-01-10,15.6,0.16
2020-01-11,14.01,0.0
2020-01-12,13.71,0.0
2020-01-13,14.4,0.0
2020-01-14,15.55,0.0
2020-01-15,16.63,0.0
2020-01-16,18.38,0.0
2020-01-17,18.99,0.01
2020-01-18,19.34,0.02
2020-01-19,17.4,0.29
2020-01-20,14.66,0.0
2020-01-21,14.16,0.0
2020-01-22,14.23,0.0
2020-01-23,14.2,0.0
2020-01-24,14.2,0.0
2020-01-25,15.78,0.0
2020-01-26,14.82,0.0
2020-01-27,14.42,0.0
2020-01-28,15.92,0.0
2020-01-29,16.49,0.15
2020-01-30,17.39,0.32
2020-01-31,16.45,0.03
2020-02-01,16.26,0.0
2020-02-02,14.62,0.0
2020-02-03,14.13,0.0
2020-02-04,15.71,0.0
2020-02-05,15.98,0.0
2020-02-06,15.99,0.0
2020-02-07,16.88,0.0
2020-02-08,17.63,0.0
2020-02-09,16.84,0.0
2020-02-10,15.67,0.0
2020-02-11,15.79,0.0
2020-02-12,15.84,0.0
2020-02-13,16.4,0.0
2020-02-14,18.64,0.0
2020-02-15,19.54,0.0
2020-02-16,19.74,0.0
2020-02-17,19.57,0.0
2020-02-18,19.39,0.0
2020-02-19,20.73,0.0
2020-02-20,21.66,0.0
2020-02-21,21.26,0.0
2020-02-22,21.07,0.04
2020-02-23,22.94,0.27
2020-02-24,22.8,0.18
2020-02-25,21.38,3.61
2020-02-26,20.66,4.19
2020-02-27,21.06,0.23
2020-02-28,21.57,0.0
2020-02-29,22.24,0.0
2020-03-01,22.88,0.0
2020-03-02,23.2,0.02
2020-03-03,23.42,1.63
2020-03-04,23.39,6.15
2020-03-05,23.67,3.76
2020-03-06,23.41,8.2
2020-03-07,22.09,3.7
2020-03-08,22.97,1.14
2020-03-09,22.13,0.04
2020-03-10,22.63,0.0
2020-03-11,23.18,0.0
2020-03-12,25.21,0.0
2020-03-13,26.64,0.47
2020-03-14,23.84,12.33
2020-03-15,21.54,2.51
2020-03-16,23.24,0.26
2020-03-17,22.94,0.0
2020-03-18,23.5,0.0
2020-03-19,24.53,0.0
2020-03-20,24.98,0.33
2020-03-21,26.2,3.4
2020-03-22,24.04,8.39
2020-03-23,24.78,0.31
2020-03-24,25.69,0.17
2020-03-25,27.19,0.46
2020-03-26,27.54,0.21
2020-03-27,28.37,0.0
2020-03-28,28.61,0.0
2020-03-29,27.37,0.0
2020-03-30,26.5,0.0
2020-03-31,26.92,0.0
2020-04-01,28.93,0.0
2020-04-02,29.27,0.01
2020-04-03,28.98,0.02
2020-04-04,28.43,0.02
2020-04-05,28.6,0.0
2020-04-06,28.29,0.0
2020-04-07,28.85,0.0
2020-04-08,29.58,0.07
2020-04-09,28.76,1.88
2020-04-10,29.37,1.5
2020-04-11,29.32,3.69
2020-04-12,27.87,3.64
2020-04-13,29.52,1.08
2020-04-14,30.83,3.4
2020-04-15,28.3,72.11
2020-04-16,26.98,9.78
2020-04-17,27.21,6.31
2020-04-18,27.25,11.98
2020-04-19,28.83,1.74
2020-04-20,27.62,16.93
2020-04-21,25.37,12.71
2020-04-22,25.29,3.36
2020-04-23,25.76,9.69
2020-04-24,25.2,21.96
2020-04-25,24.67,7.55
2020-04-26,25.19,26.94
2020-04-27,25.7,6.27
2020-04-28,25.32,12.39
2020-04-29,25.37,12.82
2020-04-30,26.27,1.8
2020-05-01,26.67,3.43
2020-05-02,26.46,11.83
2020-05-03,26.86,3.21
2020-05-04,27.5,0.64
2020-05-05,28.71,15.95
2020-05-06,27.44,28.21
2020-05-07,26.97,10.6
2020-05-08,26.95,5.06
2020-05-09,28.02,7.46
2020-05-10,28.96,1.86
2020-05-11,29.09,32.05
2020-05-12,28.76,6.22
2020-05-13,28.39,2.71
2020-05-14,28.4,7.67
2020-05-15,28.38,11.84
2020-05-16,29.03,36.43
2020-05-17,29.21,9.5
2020-05-18,29.19,18.99
2020-05-19,28.48,14.82
2020-05-20,26.2,28.11
2020-05-21,25.94,80.75
2020-05-22,25.85,9.24
2020-05-23,28.54,0.38
2020-05-24,29.65,54.59
2020-05-25,29.96,46.88
2020-05-26,29.67,36.99
2020-05-27,28.0,30.86
2020-05-28,27.56,9.4
2020-05-29,28.18,6.54
2020-05-30,28.14,18.31
2020-05-31,27.73,47.73
2020-06-01,28.67,41.25
2020-06-02,28.52,28.2
2020-06-03,27.86,5.96
2020-06-04,28.07,8.49
2020-06-05,28.46,25.35
2020-06-06,29.05,54.87
2020-06-07,29.05,12.93
2020-06-08,29.06,39.8
2020-06-09,29.7,3.61
2020-06-10,29.48,1.66
2020-06-11,28.85,2.18
2020-06-12,28.15,4.46
2020-06-13,28.06,30.51
2020-06-14,28.62,15.62
2020-06-15,29.2,25.87
2020-06-16,28.59,25.05
2020-06-17,28.7,27.99
2020-06-18,28.33,22.72
2020-06-19,29.0,9.27
2020-06-20,29.35,9.19
2020-06-21,29.1,4.13
2020-06-22,28.85,3.95
2020-06-23,29.39,6.48
2020-06-24,29.06,6.66
2020-06-25,28.48,21.19
2020-06-26,28.17,40.2
2020-06-27,28.42,19.35
2020-06-28,28.12,10.91
2020-06-29,28.47,5.74
2020-06-30,29.13,6.25
2020-07-01,28.75,9.17
2020-07-02,28.64,36.44
2020-07-03,28.55,14.81
2020-07-04,28.83,8.72
2020-07-05,28.43,2.59
2020-07-06,28.34,9.03
2020-07-07,28.99,7.59
2020-07-08,29.17,19.66
2020-07-09,28.78,29.59
2020-07-10,29.11,50.33
2020-07-11,28.22,68.56
2020-07-12,28.83,21.32
2020-07-13,29.31,20.83
2020-07-14,28.67,10.85
2020-07-15,29.1,1.06
2020-07-16,29.15,3.51
2020-07-17,29.41,7.0
2020-07-18,28.71,21.55
2020-07-19,28.42,42.29
2020-07-20,28.17,26.11
2020-07-21,27.91,26.51
2020-07-22,27.45,11.68
2020-07-23,28.23,19.79
2020-07-24,28.58,8.71
2020-07-25,29.15,6.19
2020-07-26,29.81,14.03
2020-07-27,28.58,28.56
2020-07-28,28.85,8.29
2020-07-29,28.76,18.94
2020-07-30,28.39,21.89
2020-07-31,29.0,23.43
2020-08-01,30.03,26.46
2020-08-02,29.87,19.16
2020-08-03,31.03,22.77
2020-08-04,30.9,13.68
2020-08-05,29.47,5.86
2020-08-06,28.96,12.32
2020-08-07,29.08,5.68
2020-08-08,29.55,1.66
2020-08-09,28.96,7.59
2020-08-10,29.11,13.48
2020-08-11,29.11,34.18
2020-08-12,29.48,23.33
2020-08-13,29.55,10.36
2020-08-14,30.28,2.09
2020-08-15,28.97,2.67
2020-08-16,28.1,6.26
2020-08-17,28.12,6.37
2020-08-18,29.1,4.56
2020-08-19,28.95,4.23
2020-08-20,27.56,8.1
2020-08-21,27.56,3.76
2020-08-22,27.25,15.71
2020-08-23,28.36,17.2
2020-08-24,29.11,3.39
2020-08-25,30.05,1.52
2020-08-26,28.87,0.38
2020-08-27,28.45,2.66
2020-08-28,28.41,4.86
2020-08-29,28.94,5.85
2020-08-30,29.28,6.63
2020-08-31,28.44,29.67
2020-09-01,28.08,17.16
2020-09-02,28.69,2.98
2020-09-03,29.01,2.11
2020-09-04,29.16,1.65
2020-09-05,29.33,14.55
2020-09-06,28.73,34.0
2020-09-07,28.26,3.95
2020-09-08,28.64,13.22
2020-09-09,28.99,4.21
2020-09-10,27.75,9.06
2020-09-11,27.82,16.24
2020-09-12,28.01,16.37
2020-09-13,28.14,31.66
2020-09-14,27.72,21.06
2020-09-15,27.68,20.96
2020-09-16,27.94,23.28
2020-09-17,27.47,47.8
2020-09-18,28.64,15.26
2020-09-19,28.97,1.11
2020-09-20,29.61,1.11
2020-09-21,28.59,20.1
2020-09-22,27.85,39.63
2020-09-23,27.65,36.2
2020-09-24,27.72,13.63
2020-09-25,27.83,37.46
2020-09-26,27.67,119.38
2020-09-27,27.77,40.52
2020-09-28,28.32,3.37
2020-09-29,28.3,1.24
2020-09-30,28.6,5.07
2020-10-01,28.03,13.11
2020-10-02,27.65,8.1
2020-10-03,28.02,9.27
2020-10-04,28.42,2.71
2020-10-05,27.85,18.59
2020-10-06,27.19,45.56
2020-10-07,27.33,43.35
2020-10-08,28.07,9.89
2020-10-09,29.18,0.14
2020-10-10,28.42,0.0
2020-10-11,27.92,0.04
2020-10-12,28.37,0.03
2020-10-13,28.85,0.27
2020-10-14,28.82,0.28
2020-10-15,28.76,0.09
2020-10-16,29.23,0.13
2020-10-17,27.83,0.0
2020-10-18,28.5,0.0
2020-10-19,28.62,0.0
2020-10-20,28.52,0.01
2020-10-21,27.82,1.15
2020-10-22,26.71,9.27
2020-10-23,25.84,44.41
2020-10-24,24.46,23.41
2020-10-25,24.87,11.43
2020-10-26,26.06,0.74
2020-10-27,24.99,0.0
2020-10-28,25.22,0.0
2020-10-29,25.89,0.09
2020-10-30,25.55,0.02
2020-10-31,26.45,0.26
2020-11-01,26.96,0.67
2020-11-02,26.24,0.16
2020-11-03,24.04,0.01
2020-11-04,21.94,0.0
2020-11-05,20.99,0.0
2020-11-06,20.85,0.0
2020-11-07,21.19,0.0
2020-11-08,22.46,0.0
2020-11-09,22.14,0.0
2020-11-10,21.91,0.0
2020-11-11,21.9,0.0
2020-11-12,22.21,0.0
2020-11-13,22.51,0.0
2020-11-14,22.48,0.0
2020-11-15,22.51,0.0
2020-11-16,23.05,0.0
2020-11-17,22.51,0.0
2020-11-18,21.75,0.0
2020-11-19,22.12,0.0
2020-11-20,22.92,0.0
2020-11-21,22.42,0.07
2020-11-22,18.52,0.02
2020-11-23,17.44,0.0
2020-11-24,18.74,0.0
2020-11-25,19.56,0.0
2020-11-26,19.47,0.0
2020-11-27,19.31,0.0
2020-11-28,19.23,0.0
2020-11-29,18.78,0.0
2020-11-30,20.26,0.0
2020-12-01,21.44,0.0
2020-12-02,21.38,0.0
2020-12-03,21.04,0.0
2020-12-04,20.31,0.0
2020-12-05,19.71,0.0
2020-12-06,19.77,0.04
2020-12-07,19.58,0.0
2020-12-08,19.21,0.0
2020-12-09,19.84,0.0
2020-12-10,19.09,0.0
2020-12-11,18.62,0.01
2020-12-12,18.04,0.0
2020-12-13,18.41,0.0
2020-12-14,18.49,0.0
2020-12-15,17.56,0.0
2020-12-16,17.63,0.0
2020-12-17,17.26,0.0
2020-12-18,15.05,0.0
2020-12-19,12.99,0.0
2020-12-20,14.36,0.0
2020-12-21,16.09,0.0
2020-12-22,16.93,0.0
2020-12-23,17.02,0.0
2020-12-24,16.93,0.0
2020-12-25,15.9,0.0
2020-12-26,15.03,0.0
2020-12-27,14.93,0.0
2020-12-28,15.71,0.0
2020-12-29,15.95,0.0
2020-12-30,15.67,0.0
2020-12-31,15.81,0.0
2021-01-01,16.25,0.0
2021-01-02,16.68,0.0
2021-01-03,17.78,0.0
2021-01-04,18.47,0.0
2021-01-05,19.13,0.0
2021-01-06,19.98,0.0
2021-01-07,20.83,0.0
2021-01-08,20.33,0.0
2021-01-09,20.05,0.0
2021-01-10,19.9,0.0
2021-01-11,20.6,0.0
2021-01-12,18.09,0.0
2021-01-13,15.44,0.0
2021-01-14,15.01,0.0
2021-01-15,15.17,0.0
2021-01-16,15.52,0.0
2021-01-17,16.23,0.0
2021-01-18,17.45,0.0
2021-01-19,16.81,0.0
2021-01-20,17.41,0.1
2021-01-21,16.84,0.13
2021-01-22,16.33,0.0
2021-01-23,16.74,0.0
2021-01-24,16.98,0.0
2021-01-25,17.22,0.0
2021-01-26,16.93,0.0
2021-01-27,15.36,0.0
2021-01-28,15.41,0.0
2021-01-29,15.82,0.0
2021-01-30,14.42,0.0
2021-01-31,13.7,0.0
2021-02-01,14.64,0.0
2021-02-02,15.23,0.0
2021-02-03,17.1,0.0
2021-02-04,18.96,0.0
2021-02-05,19.39,0.0
2021-02-06,18.98,0.0
2021-02-07,17.72,0.0
2021-02-08,18.08,0.0
2021-02-09,18.16,0.0
2021-02-10,20.2,0.0
2021-02-11,21.02,0.0
2021-02-12,21.2,0.0
2021-02-13,21.17,0.0
2021-02-14,20.9,0.0
2021-02-15,21.23,0.0
2021-02-16,21.75,0.0
2021-02-17,21.99,0.0
2021-02-18,22.41,0.0
2021-02-19,22.38,0.0
2021-02-20,22.42,0.0
2021-02-21,21.88,0.0
2021-02-22,21.83,0.0
2021-02-23,22.63,0.0
2021-02-24,23.28,0.0
2021-02-25,23.82,0.0
2021-02-26,23.98,0.06
2021-02-27,24.09,0.06
2021-02-28,25.88,0.02
2021-03-01,25.92,0.07
2021-03-02,24.03,0.0
2021-03-03,24.28,0.0
2021-03-04,24.44,0.0
2021-03-05,24.5,0.0
2021-03-06,25.38,0.05
2021-03-07,24.73,0.0
2021-03-08,24.62,0.01
2021-03-09,25.54,0.01
2021-03-10,26.4,1.21
2021-03-11,26.51,2.78
2021-03-12,26.63,0.09
2021-03-13,26.43,0.56
2021-03-14,25.71,3.57
2021-03-15,26.01,0.0
2021-03-16,26.52,0.0
2021-03-17,26.69,0.0
2021-03-18,27.73,0.0
2021-03-19,28.67,0.0
2021-03-20,28.15,0.0
2021-03-21,28.22,0.0
2021-03-22,28.62,0.0
2021-03-23,29.47,0.0
2021-03-24,30.18,0.0
2021-03-25,29.77,0.0
2021-03-26,28.46,0.0
2021-03-27,27.63,0.0
2021-03-28,29.81,0.0
2021-03-29,28.24,8.9
2021-03-30,27.5,5.08
2021-03-31,28.74,0.09
2021-04-01,29.21,0.72
2021-04-02,28.63,0.02
2021-04-03,29.14,0.0
2021-04-04,28.98,0.0
2021-04-05,27.79,1.93
2021-04-06,28.89,1.64
2021-04-07,29.39,0.18
2021-04-08,29.96,2.19
2021-04-09,29.08,10.79
2021-04-10,30.23,0.36
2021-04-11,30.43,0.58
2021-04-12,30.47,0.1
2021-04-13,31.52,0.1
2021-04-14,31.07,0.03
2021-04-15,30.65,0.0
2021-04-16,30.25,4.41
2021-04-17,28.24,15.76
2021-04-18,28.48,14.88
2021-04-19,30.53,1.74
2021-04-20,29.61,0.87
2021-04-21,29.48,2.03
2021-04-22,29.3,4.54
2021-04-23,30.05,0.0
2021-04-24,30.69,0.0
2021-04-25,31.1,0.0
2021-04-26,31.78,0.0
2021-04-27,32.12,0.0
2021-04-28,32.61,0.03
2021-04-29,31.01,7.55
2021-04-30,31.71,4.2
2021-05-01,29.57,2.54
2021-05-02,30.92,2.97
2021-05-03,30.08,12.82
2021-05-04,26.77,19.27
2021-05-05,26.26,13.06
2021-05-06,27.41,14.08
2021-05-07,27.93,17.44
2021-05-08,27.66,30.26
2021-05-09,27.86,16.93
2021-05-10,28.46,20.63
2021-05-11,27.87,5.43
2021-05-12,27.0,14.86
2021-05-13,27.16,8.28
2021-05-14,28.11,10.52
2021-05-15,29.43,0.13
2021-05-16,29.27,8.42
2021-05-17,30.0,10.2
2021-05-18,30.29,2.39
2021-05-19,30.06,0.15
2021-05-20,28.27,11.1
2021-05-21,28.62,3.41
2021-05-22,30.11,11.45
2021-05-23,30.98,0.23
2021-05-24,31.31,0.06
2021-05-25,29.17,14.9
2021-05-26,29.05,16.39
2021-05-27,27.13,21.1
2021-05-28,28.95,19.44
2021-05-29,29.78,5.14
2021-05-30,29.88,8.57
2021-05-31,28.5,34.09
2021-06-01,29.25,7.38
2021-06-02,28.74,2.32
2021-06-03,29.22,0.67
2021-06-04,30.08,3.81
2021-06-05,29.96,9.0
2021-06-06,29.64,24.06
2021-06-07,30.34,7.5
2021-06-08,30.19,12.58
2021-06-09,28.78,21.78
2021-06-10,28.63,5.19
2021-06-11,28.39,18.19
2021-06-12,27.86,22.76
2021-06-13,28.31,8.85
2021-06-14,28.59,8.78
2021-06-15,29.3,5.84
2021-06-16,28.51,17.15
2021-06-17,28.23,8.7
2021-06-18,27.76,7.4
2021-06-19,27.13,26.1
2021-06-20,27.54,8.54
2021-06-21,28.88,5.06
2021-06-22,28.72,5.9
2021-06-23,28.73,1.25
2021-06-24,28.92,1.09
2021-06-25,28.86,2.89
2021-06-26,29.01,13.47
2021-06-27,29.27,17.61
2021-06-28,29.07,21.18
2021-06-29,28.56,46.93
2021-06-30,28.71,33.22
2021-07-01,29.38,23.51
2021-07-02,27.96,32.99
2021-07-03,28.28,22.38
2021-07-04,29.13,15.93
2021-07-05,29.01,7.35
2021-07-06,29.06,7.23
2021-07-07,29.32,11.78
2021-07-08,29.1,3.64
2021-07-09,29.64,0.46
2021-07-10,28.91,0.78
2021-07-11,28.58,2.53
2021-07-12,30.04,1.07
2021-07-13,28.95,13.99
2021-07-14,28.72,7.6
2021-07-15,29.14,6.57
2021-07-16,27.98,14.53
2021-07-17,28.8,12.36
2021-07-18,28.82,11.53
2021-07-19,28.29,5.64
2021-07-20,29.16,16.95
2021-07-21,30.0,10.43
2021-07-22,29.66,4.1
2021-07-23,28.81,4.27
2021-07-24,29.2,3.82
2021-07-25,29.56,5.91
2021-07-26,30.86,6.84
2021-07-27,30.56,3.84
2021-07-28,30.15,4.85
2021-07-29,29.2,15.67
2021-07-30,28.52,16.74
2021-07-31,28.71,15.4
2021-08-01,28.73,38.91
2021-08-02,28.97,36.35
2021-08-03,29.52,10.05
2021-08-04,28.68,15.46
2021-08-05,30.21,1.14
2021-08-06,30.82,4.49
2021-08-07,28.8,11.53
2021-08-08,29.16,15.84
2021-08-09,29.43,16.15
2021-08-10,29.32,31.71
2021-08-11,29.04,19.51
2021-08-12,29.12,15.52
2021-08-13,28.93,15.83
2021-08-14,29.27,28.84
2021-08-15,28.87,9.41
2021-08-16,28.63,9.41
2021-08-17,28.71,9.71
2021-08-18,27.69,11.6
2021-08-19,27.78,14.36
2021-08-20,27.85,14.04
2021-08-21,27.88,5.95
2021-08-22,27.58,9.66
2021-08-23,27.91,33.24
2021-08-24,28.65,8.91
2021-08-25,28.75,9.99
2021-08-26,27.71,24.71
2021-08-27,27.49,37.85
2021-08-28,28.07,16.83
2021-08-29,27.76,5.06
2021-08-30,27.46,5.69
2021-08-31,27.05,13.01
2021-09-01,27.42,9.5
2021-09-02,27.55,30.03
2021-09-03,27.99,0.61
2021-09-04,28.76,1.43
2021-09-05,29.66,0.99
2021-09-06,28.75,17.29
2021-09-07,27.53,25.28
2021-09-08,27.89,6.19
2021-09-09,28.43,1.34
2021-09-10,28.76,2.9
2021-09-11,28.27,14.55
2021-09-12,29.08,1.09
2021-09-13,28.25,4.65
2021-09-14,27.05,5.41
2021-09-15,28.35,4.13
2021-09-16,27.92,19.77
2021-09-17,27.76,15.37
2021-09-18,27.4,31.73
2021-09-19,28.05,3.71
2021-09-20,27.7,0.11
2021-09-21,27.49,4.91
2021-09-22,26.93,4.23
2021-09-23,27.82,2.19
2021-09-24,29.36,0.05
2021-09-25,30.07,0.03
2021-09-26,29.27,0.59
2021-09-27,29.63,3.76
2021-09-28,27.72,2.78
2021-09-29,26.63,2.95
2021-09-30,27.05,2.43
2021-10-01,27.08,0.63
2021-10-02,27.07,20.18
2021-10-03,27.86,45.06
2021-10-04,27.06,98.91
2021-10-05,26.97,16.54
2021-10-06,27.33,3.77
2021-10-07,27.87,2.05
2021-10-08,27.99,4.26
2021-10-09,27.66,10.75
2021-10-10,27.47,0.21
2021-10-11,27.42,0.0
2021-10-12,27.84,0.0
2021-10-13,29.03,0.01
2021-10-14,29.78,0.3
2021-10-15,29.6,0.96
2021-10-16,28.61,2.34
2021-10-17,27.61,6.09
2021-10-18,26.11,15.02
2021-10-19,26.23,38.63
2021-10-20,26.06,43.32
2021-10-21,24.13,5.01
2021-10-22,23.2,6.93
2021-10-23,23.86,0.17
2021-10-24,24.72,0.0
2021-10-25,25.44,0.0
2021-10-26,25.18,0.01
2021-10-27,25.16,0.0
2021-10-28,24.44,0.0
2021-10-29,24.06,0.0
2021-10-30,23.24,0.01
2021-10-31,21.68,0.07
2021-11-01,22.02,0.0
2021-11-02,23.5,0.0
2021-11-03,22.19,0.0
2021-11-04,21.4,0.0
2021-11-05,21.08,0.0
2021-11-06,21.27,0.0
2021-11-07,21.25,0.0
2021-11-08,21.44,0.0
2021-11-09,21.04,0.0
2021-11-10,21.43,0.0
2021-11-11,22.24,0.0
2021-11-12,21.79,0.0
2021-11-13,21.04,0.03
2021-11-14,21.12,0.32
2021-11-15,20.02,0.08
2021-11-16,20.22,0.0
2021-11-17,19.91,0.0
2021-11-18,20.56,0.0
2021-11-19,21.3,0.0
2021-11-20,20.79,0.0
2021-11-21,20.68,0.0
2021-11-22,20.9,0.0
2021-11-23,19.68,0.0
2021-11-24,17.99,0.05
2021-11-25,18.69,0.0
2021-11-26,18.71,0.0
2021-11-27,19.01,0.0
2021-11-28,18.8,0.0
2021-11-29,18.69,0.0
2021-11-30,18.5,0.0
2021-12-01,19.51,0.0
2021-12-02,20.62,0.0
2021-12-03,21.14,0.01
2021-12-04,21.13,0.01
2021-12-05,21.45,0.0
2021-12-06,21.05,1.75
2021-12-07,20.91,0.16
2021-12-08,20.86,0.09
2021-12-09,20.53,0.0
2021-12-10,18.53,0.0
2021-12-11,17.0,0.0
2021-12-12,16.42,0.0
2021-12-13,17.09,0.0
2021-12-14,17.33,0.0
2021-12-15,16.0,0.0
2021-12-16,16.66,0.0
2021-12-17,17.24,0.0
2021-12-18,17.47,0.0
2021-12-19,14.24,0.0
2021-12-20,13.66,0.0
2021-12-21,16.08,0.0
2021-12-22,17.3,0.0
2021-12-23,17.59,0.0
2021-12-24,17.3,0.0
2021-12-25,17.76,0.0
2021-12-26,17.53,0.0
2021-12-27,17.11,0.0
2021-12-28,17.09,0.0
2021-12-29,16.77,0.65
2021-12-30,17.43,1.17
2021-12-31,16.86,1.12
2022-01-01,16.35,0.0
2022-01-02,16.44,0.0
2022-01-03,16.7,0.0
2022-01-04,15.62,0.0
2022-01-05,16.8,0.0
2022-01-06,17.86,0.0
2022-01-07,18.05,0.0
2022-01-08,18.29,0.0
2022-01-09,19.15,0.0
2022-01-10,19.76,0.0
2022-01-11,18.88,0.87
2022-01-12,18.89,6.18
2022-01-13,17.19,4.3
2022-01-14,15.71,7.67
2022-01-15,16.45,0.0
2022-01-16,15.29,0.0
2022-01-17,15.45,0.0
2022-01-18,17.16,0.0
2022-01-19,17.49,0.0
2022-01-20,16.47,0.15
2022-01-21,16.97,0.05
2022-01-22,16.95,0.0
2022-01-23,17.03,0.12
2022-01-24,18.27,0.15
2022-01-25,18.04,0.03
2022-01-26,17.04,0.11
2022-01-27,14.48,0.01
2022-01-28,13.89,0.01
2022-01-29,13.93,0.0
2022-01-30,14.66,0.0
2022-01-31,15.59,0.0
2022-02-01,15.79,0.01
2022-02-02,17.06,0.01
2022-02-03,17.13,0.06
2022-02-04,17.05,38.22
2022-02-05,15.58,4.67
2022-02-06,14.3,2.07
2022-02-07,15.3,0.86
2022-02-08,16.35,0.0
2022-02-09,17.84,0.0
2022-02-10,15.93,2.28
2022-02-11,16.67,0.07
2022-02-12,16.05,0.01
2022-02-13,17.6,0.0
2022-02-14,18.01,0.0
2022-02-15,18.52,0.0
2022-02-16,17.81,0.0
2022-02-17,17.86,0.0
2022-02-18,17.91,0.0
2022-02-19,17.62,0.0
2022-02-20,17.89,0.05
2022-02-21,18.66,0.41
2022-02-22,19.29,0.01
2022-02-23,20.01,0.0
2022-02-24,20.97,0.01
2022-02-25,19.81,11.87
2022-02-26,21.4,2.56
2022-02-27,22.13,0.0
2022-02-28,22.2,0.0
2022-03-01,21.7,0.0
2022-03-02,22.2,0.0
2022-03-03,21.96,0.0
2022-03-04,21.94,0.0
2022-03-05,22.06,0.0
2022-03-06,23.34,0.0
2022-03-07,24.14,0.0
2022-03-08,25.18,0.0
2022-03-09,24.71,0.0
2022-03-10,24.95,0.0
2022-03-11,25.6,0.0
2022-03-12,25.63,0.0
2022-03-13,25.87,0.0
2022-03-14,27.3,0.0
2022-03-15,28.0,0.0
2022-03-16,28.16,0.0
2022-03-17,27.93,0.0
2022-03-18,28.4,0.0
2022-03-19,28.61,0.0
2022-03-20,28.12,0.0
2022-03-21,27.81,0.71
2022-03-22,28.79,0.08
2022-03-23,29.41,0.15
2022-03-24,28.05,0.0
2022-03-25,28.04,0.01
2022-03-26,29.16,0.03
2022-03-27,27.83,0.02
2022-03-28,27.88,0.5
2022-03-29,27.87,0.26
2022-03-30,27.9,3.15
2022-03-31,28.28,7.67
2022-04-01,28.64,9.97
2022-04-02,28.45,10.16
2022-04-03,28.77,10.65
2022-04-04,29.22,15.45
2022-04-05,28.22,10.18
2022-04-06,28.71,1.7
2022-04-07,28.52,4.25
2022-04-08,28.96,0.58
2022-04-09,28.15,5.53
2022-04-10,27.73,7.66
2022-04-11,28.13,4.19
2022-04-12,28.62,0.09
2022-04-13,28.22,22.07
2022-04-14,28.81,2.95
2022-04-15,30.46,1.13
2022-04-16,30.05,0.79
2022-04-17,30.33,4.65
2022-04-18,29.31,5.81
2022-04-19,28.66,12.43
2022-04-20,27.73,21.88
2022-04-21,27.59,0.24
2022-04-22,28.68,11.1
2022-04-23,30.14,1.85
2022-04-24,30.2,1.3
2022-04-25,29.24,0.0
2022-04-26,29.02,0.01
2022-04-27,29.51,5.3
2022-04-28,29.38,3.47
2022-04-29,30.01,5.12
2022-04-30,29.15,16.43
2022-05-01,28.96,2.04
2022-05-02,29.0,1.95
2022-05-03,28.18,3.83
2022-05-04,28.24,0.34
2022-05-05,28.14,4.47
2022-05-06,28.43,19.94
2022-05-07,29.81,4.09
2022-05-08,30.39,0.11
2022-05-09,29.81,1.75
2022-05-10,28.26,5.03
2022-05-11,29.69,5.11
2022-05-12,29.56,33.39
2022-05-13,29.36,41.61
2022-05-14,30.12,14.22
2022-05-15,30.18,21.79
2022-05-16,29.13,32.99
2022-05-17,29.03,32.65
2022-05-18,28.62,42.4
2022-05-19,29.27,25.65
2022-05-20,28.39,51.36
2022-05-21,28.7,23.24
2022-05-22,29.35,11.53
2022-05-23,28.39,6.85
2022-05-24,29.34,2.46
2022-05-25,29.59,1.66
2022-05-26,29.13,7.31
2022-05-27,29.11,1.3
2022-05-28,29.3,0.91
2022-05-29,28.52,6.66
2022-05-30,28.6,1.97
2022-05-31,28.75,1.68
2022-06-01,28.69,1.15
2022-06-02,28.56,2.42
2022-06-03,28.97,13.06
2022-06-04,28.42,24.6
2022-06-05,28.37,29.4
2022-06-06,28.63,20.42
2022-06-07,29.02,28.36
2022-06-08,28.77,26.15
2022-06-09,28.62,26.17
2022-06-10,28.23,20.39
2022-06-11,28.47,3.43
2022-06-12,28.91,51.36
2022-06-13,29.54,25.02
2022-06-14,29.42,34.42
2022-06-15,28.72,29.53
2022-06-16,28.32,48.32
2022-06-17,27.74,33.53
2022-06-18,28.25,20.79
2022-06-19,28.23,28.11
2022-06-20,28.21,20.68
2022-06-21,28.04,6.23
2022-06-22,28.56,2.44
2022-06-23,28.44,3.9
2022-06-24,28.6,3.79
2022-06-25,28.89,0.91
2022-06-26,28.86,7.63
2022-06-27,28.8,10.17
2022-06-28,27.76,32.4
2022-06-29,27.25,15.35
2022-06-30,27.57,8.26
2022-07-01,28.96,8.65
2022-07-02,28.72,14.3
2022-07-03,28.75,1.87
2022-07-04,28.94,0.37
2022-07-05,28.82,0.59
2022-07-06,28.65,1.87
2022-07-07,29.12,0.01
2022-07-08,29.06,0.33
2022-07-09,29.17,0.25
2022-07-10,29.2,0.22
2022-07-11,28.88,2.67
2022-07-12,29.19,0.07
2022-07-13,30.06,0.03
2022-07-14,30.08,0.25
2022-07-15,29.65,3.32
2022-07-16,29.97,0.77
2022-07-17,29.76,1.13
2022-07-18,29.56,1.09
2022-07-19,29.39,8.92
2022-07-20,28.9,4.67
2022-07-21,29.16,3.37
2022-07-22,29.2,1.8
2022-07-23,29.12,18.23
2022-07-24,28.01,25.27
2022-07-25,27.89,11.77
2022-07-26,27.98,13.58
2022-07-27,28.42,11.36
2022-07-28,28.82,8.29
2022-07-29,28.98,4.87
2022-07-30,29.05,9.18
2022-07-31,28.15,52.69
2022-08-01,28.47,22.09
2022-08-02,29.59,6.24
2022-08-03,28.85,4.29
2022-08-04,28.08,12.05
2022-08-05,29.91,6.15
2022-08-06,28.57,6.71
2022-08-07,30.65,7.09
2022-08-08,29.34,3.81
2022-08-09,28.97,1.29
2022-08-10,28.41,0.28
2022-08-11,29.03,0.13
2022-08-12,29.32,0.16
2022-08-13,29.37,7.97
2022-08-14,28.56,11.85
2022-08-15,28.69,2.66
2022-08-16,29.09,0.6
2022-08-17,29.94,0.01
2022-08-18,31.85,1.5
2022-08-19,29.69,16.01
2022-08-20,28.9,7.76
2022-08-21,28.69,3.3
2022-08-22,29.35,0.46
2022-08-23,29.35,11.61
2022-08-24,28.66,12.57
2022-08-25,28.73,0.86
2022-08-26,29.32,0.0
2022-08-27,28.78,13.87
2022-08-28,28.7,26.9
2022-08-29,28.54,21.5
2022-08-30,28.17,8.37
2022-08-31,28.59,18.42
2022-09-01,27.81,19.62
2022-09-02,28.37,20.14
2022-09-03,28.88,10.75
2022-09-04,28.52,22.58
2022-09-05,27.6,9.96
2022-09-06,27.75,6.48
2022-09-07,28.59,1.64
2022-09-08,28.19,4.4
2022-09-09,28.0,5.56
2022-09-10,28.1,3.04
2022-09-11,27.22,6.44
2022-09-12,26.55,8.05
2022-09-13,26.96,41.96
2022-09-14,26.59,16.56
2022-09-15,26.73,18.47
2022-09-16,26.75,18.26
2022-09-17,28.15,4.57
2022-09-18,29.32,2.55
2022-09-19,28.32,7.33
2022-09-20,28.06,1.87
2022-09-21,28.13,0.23
2022-09-22,28.36,1.59
2022-09-23,27.38,4.95
2022-09-24,27.27,12.47
2022-09-25,27.19,11.46
2022-09-26,27.63,1.38
2022-09-27,27.02,4.2
2022-09-28,27.7,3.1
2022-09-29,28.08,10.33
2022-09-30,28.82,0.11
2022-10-01,29.45,0.29
2022-10-02,29.01,2.15
2022-10-03,27.66,9.79
2022-10-04,27.42,5.93
2022-10-05,27.42,10.19
2022-10-06,27.67,4.72
2022-10-07,27.33,3.95
2022-10-08,27.33,4.59
2022-10-09,27.15,11.11
2022-10-10,27.22,12.99
2022-10-11,26.98,11.01
2022-10-12,26.27,27.25
2022-10-13,26.5,26.66
2022-10-14,26.12,1.59
2022-10-15,24.91,0.1
2022-10-16,25.36,0.43
2022-10-17,25.8,0.52
2022-10-18,25.9,0.0
2022-10-19,24.51,0.0
2022-10-20,24.79,0.0
2022-10-21,25.19,0.0
2022-10-22,24.92,0.0
2022-10-23,24.91,0.62
2022-10-24,23.36,29.53
2022-10-25,22.93,14.05
2022-10-26,23.62,4.59
2022-10-27,23.94,0.1
2022-10-28,23.06,0.0
2022-10-29,23.59,0.0
2022-10-30,23.98,0.0
2022-10-31,23.88,0.0
2022-11-01,23.43,0.0
2022-11-02,23.9,0.0
2022-11-03,23.68,0.0
2022-11-04,23.56,0.0
2022-11-05,24.16,0.0
2022-11-06,24.2,0.02
2022-11-07,24.19,0.1
2022-11-08,23.9,0.0
2022-11-09,23.94,0.0
2022-11-10,23.25,0.0
2022-11-11,22.71,0.0
2022-11-12,22.31,0.0
2022-11-13,20.36,0.0
2022-11-14,21.3,0.01
2022-11-15,21.6,0.0
2022-11-16,21.09,0.0
2022-11-17,21.49,0.0
2022-11-18,20.75,0.0
2022-11-19,20.15,0.0
2022-11-20,20.48,0.0
2022-11-21,20.04,0.34
2022-11-22,19.71,0.0
2022-11-23,19.45,0.0
2022-11-24,19.7,0.0
2022-11-25,20.93,0.0
2022-11-26,21.44,0.0
2022-11-27,21.23,0.0
2022-11-28,20.62,0.0
2022-11-29,20.76,0.0
2022-11-30,20.52,0.0
2022-12-01,20.3,0.0
2022-12-02,19.45,0.0
2022-12-03,19.09,0.0
2022-12-04,19.79,0.0
2022-12-05,20.13,0.0
2022-12-06,19.19,0.0
2022-12-07,18.14,0.0
2022-12-08,19.1,0.0
2022-12-09,19.65,0.0
2022-12-10,20.12,0.0
2022-12-11,18.81,0.0
2022-12-12,18.47,0.0
2022-12-13,19.28,0.0
2022-12-14,18.86,0.0
2022-12-15,17.9,0.0
2022-12-16,16.75,0.0
2022-12-17,18.06,0.0
2022-12-18,19.23,0.0
2022-12-19,19.94,0.0
2022-12-20,18.74,0.0
2022-12-21,17.81,0.0
2022-12-22,17.39,0.0
2022-12-23,17.21,0.0
2022-12-24,18.29,0.0
2022-12-25,18.75,0.0
2022-12-26,19.25,0.62
2022-12-27,17.25,1.18
2022-12-28,15.09,0.0
2022-12-29,15.31,0.0
2022-12-30,16.61,0.0
2022-12-31,17.15,0.0
2023-01-01,17.04,0.0
2023-01-02,16.99,0.0
2023-01-03,16.47,0.0
2023-01-04,15.58,0.0
2023-01-05,15.15,0.0
2023-01-06,15.44,0.0
2023-01-07,15.94,0.0
2023-01-08,15.89,0.0
2023-01-09,16.81,0.0
2023-01-10,16.87,0.0
2023-01-11,15.68,0.0
2023-01-12,16.07,0.0
2023-01-13,17.11,0.0
2023-01-14,17.68,0.0
2023-01-15,16.8,0.0
2023-01-16,15.16,0.0
2023-01-17,14.41,0.0
2023-01-18,15.14,0.0
2023-01-19,14.93,0.0
2023-01-20,16.15,0.0
2023-01-21,17.72,0.03
2023-01-22,18.42,0.0
2023-01-23,18.57,0.0
2023-01-24,19.51,0.0
2023-01-25,20.53,0.0
2023-01-26,21.18,0.0
2023-01-27,21.04,0.0
2023-01-28,20.14,0.0
2023-01-29,19.67,0.0
2023-01-30,21.49,0.0
2023-01-31,21.32,0.0
2023-02-01,19.51,0.0
2023-02-02,18.22,0.0
2023-02-03,19.03,0.0
2023-02-04,18.44,0.0
2023-02-05,18.75,0.0
2023-02-06,19.51,0.0
2023-02-07,20.6,0.0
2023-02-08,21.17,0.0
2023-02-09,21.06,0.02
2023-02-10,20.33,0.0
2023-02-11,21.38,0.0
2023-02-12,20.99,0.0
2023-02-13,18.82,0.0
2023-02-14,20.32,0.0
2023-02-15,20.2,0.0
2023-02-16,22.31,0.0
2023-02-17,22.82,0.0
2023-02-18,22.92,0.0
2023-02-19,23.25,0.0
2023-02-20,24.01,0.02
2023-02-21,24.35,0.46
2023-02-22,24.29,0.5
2023-02-23,24.19,0.19
2023-02-24,23.97,0.5
2023-02-25,22.95,0.0
2023-02-26,23.75,0.0
2023-02-27,23.37,0.0
2023-02-28,23.04,0.0
2023-03-01,23.53,0.0
2023-03-02,24.92,0.0
2023-03-03,25.5,0.0
2023-03-04,26.12,0.0
2023-03-05,25.99,0.01
2023-03-06,25.49,0.01
2023-03-07,25.27,0.0
2023-03-08,25.82,0.0
2023-03-09,25.84,0.0
2023-03-10,24.86,0.0
2023-03-11,26.51,0.0
2023-03-12,27.48,0.04
2023-03-13,27.48,0.02
2023-03-14,27.41,0.01
2023-03-15,27.63,0.02
2023-03-16,26.24,5.42
2023-03-17,25.35,2.52
2023-03-18,25.77,5.47
2023-03-19,23.58,31.42
2023-03-20,22.99,20.59
2023-03-21,23.69,20.13
2023-03-22,23.83,2.6
2023-03-23,23.81,0.0
2023-03-24,24.95,0.14
2023-03-25,25.66,1.73
2023-03-26,26.91,0.07
2023-03-27,27.06,0.03
2023-03-28,27.16,0.18
2023-03-29,27.43,1.42
2023-03-30,26.35,3.71
2023-03-31,25.07,9.9
2023-04-01,24.57,12.24
2023-04-02,24.16,33.64
2023-04-03,26.43,0.09
2023-04-04,27.48,0.2
2023-04-05,27.44,0.03
2023-04-06,26.83,0.0
2023-04-07,28.03,0.0
2023-04-08,28.51,0.0
2023-04-09,28.83,0.0
2023-04-10,28.2,0.0
2023-04-11,29.14,0.0
2023-04-12,29.9,0.0
2023-04-13,30.35,0.0
2023-04-14,31.02,0.0
2023-04-15,31.38,0.0
2023-04-16,31.06,0.0
2023-04-17,32.49,0.0
2023-04-18,32.09,0.0
2023-04-19,32.12,0.02
2023-04-20,32.16,0.08
2023-04-21,31.38,1.21
2023-04-22,30.41,2.17
2023-04-23,27.4,2.07
2023-04-24,28.33,0.24
2023-04-25,29.17,1.16
2023-04-26,29.89,0.99
2023-04-27,31.03,0.14
2023-04-28,29.52,0.54
2023-04-29,30.75,1.87
2023-04-30,28.83,10.18
2023-05-01,27.12,4.67
2023-05-02,28.6,2.41
2023-05-03,30.15,1.22
2023-05-04,28.57,8.67
2023-05-05,29.22,7.25
2023-05-06,30.32,0.09
2023-05-07,31.07,0.02
2023-05-08,32.26,0.02
2023-05-09,32.24,0.0
2023-05-10,32.28,0.0
2023-05-11,31.73,5.4
2023-05-12,30.13,15.95
2023-05-13,31.72,0.09
2023-05-14,32.18,0.0
2023-05-15,30.78,0.31
2023-05-16,30.65,8.59
2023-05-17,29.46,37.11
2023-05-18,28.85,24.86
2023-05-19,29.19,18.66
2023-05-20,29.91,6.45
2023-05-21,29.03,18.07
2023-05-22,29.16,7.71
2023-05-23,28.85,20.65
2023-05-24,27.99,12.59
2023-05-25,28.24,3.6
2023-05-26,28.65,22.77
2023-05-27,28.83,9.23
2023-05-28,29.46,0.68
2023-05-29,30.77,0.0
2023-05-30,31.84,0.0
2023-05-31,32.12,0.0
2023-06-01,32.26,0.01
2023-06-02,31.94,0.0
2023-06-03,31.71,0.0
2023-06-04,31.96,1.38
2023-06-05,31.12,5.89
2023-06-06,32.29,0.39
2023-06-07,32.72,0.25
2023-06-08,32.24,9.86
2023-06-09,30.31,19.14
2023-06-10,31.17,3.23
2023-06-11,30.95,10.06
2023-06-12,29.63,20.68
2023-06-13,30.37,15.74
2023-06-14,30.85,45.43
2023-06-15,31.67,37.36
2023-06-16,31.18,84.12
2023-06-17,30.84,14.63
2023-06-18,29.6,52.11
2023-06-19,29.68,17.79
2023-06-20,29.03,23.1
2023-06-21,29.06,53.0
2023-06-22,28.12,12.31
2023-06-23,29.06,3.94
2023-06-24,29.32,0.69
2023-06-25,29.03,0.03
2023-06-26,29.0,0.8
2023-06-27,28.18,14.91
2023-06-28,28.27,19.72
2023-06-29,28.01,25.97
2023-06-30,28.44,17.38
2023-07-01,29.11,49.01
2023-07-02,29.3,27.65
2023-07-03,28.62,40.65
2023-07-04,29.39,26.36
2023-07-05,29.51,11.88
2023-07-06,28.95,6.98
2023-07-07,29.11,3.58
2023-07-08,29.54,7.01
2023-07-09,29.54,14.02
2023-07-10,30.0,11.85
2023-07-11,29.63,13.01
2023-07-12,28.71,10.72
2023-07-13,29.0,14.96
2023-07-14,29.09,22.26
2023-07-15,29.34,5.06
2023-07-16,28.9,1.24
2023-07-17,28.91,1.81
2023-07-18,29.87,0.15
2023-07-19,30.23,0.0
2023-07-20,30.12,0.01
2023-07-21,29.44,4.69
2023-07-22,29.07,2.0
2023-07-23,30.09,0.41
2023-07-24,30.04,3.79
2023-07-25,30.23,1.58
2023-07-26,29.87,1.5
2023-07-27,29.84,2.58
2023-07-28,29.92,8.55
2023-07-29,29.58,12.58
2023-07-30,30.81,7.03
2023-07-31,31.59,0.24
2023-08-01,31.57,4.11
2023-08-02,29.81,4.4
2023-08-03,29.33,4.46
2023-08-04,29.5,18.24
2023-08-05,29.25,4.07
2023-08-06,28.97,12.54
2023-08-07,29.11,55.79
2023-08-08,28.57,41.45
2023-08-09,28.95,10.48
2023-08-10,29.16,1.65
2023-08-11,28.62,15.83
2023-08-12,28.95,42.7
2023-08-13,28.34,33.95
2023-08-14,29.06,9.76
2023-08-15,29.29,7.67
2023-08-16,29.6,3.14
2023-08-17,30.37,9.86
2023-08-18,29.79,9.51
2023-08-19,29.26,1.65
2023-08-20,29.45,1.02
2023-08-21,28.4,1.41
2023-08-22,29.17,11.08
2023-08-23,28.13,32.46
2023-08-24,28.23,34.64
2023-08-25,28.01,33.79
2023-08-26,28.2,37.48
2023-08-27,28.72,19.02
2023-08-28,29.03,3.12
2023-08-29,29.35,0.66
2023-08-30,30.19,0.14
2023-08-31,30.56,0.13
2023-09-01,30.63,0.38
2023-09-02,30.8,2.38
2023-09-03,31.37,4.6
2023-09-04,29.0,3.45
2023-09-05,30.69,0.55
2023-09-06,30.32,2.06
2023-09-07,28.82,9.03
2023-09-08,27.98,13.72
2023-09-09,28.66,3.16
2023-09-10,29.57,2.62
2023-09-11,29.18,2.66
2023-09-12,29.72,2.63
2023-09-13,29.31,1.64
2023-09-14,28.84,21.14
2023-09-15,28.41,24.23
2023-09-16,29.07,0.07
2023-09-17,30.61,0.14
2023-09-18,29.6,9.2
2023-09-19,27.65,10.96
2023-09-20,27.54,21.4
2023-09-21,27.14,35.13
2023-09-22,27.01,27.35
2023-09-23,27.24,56.07
2023-09-24,27.11,100.22
2023-09-25,27.46,14.37
2023-09-26,27.75,3.26
2023-09-27,28.66,2.09
2023-09-28,28.81,0.95
2023-09-29,28.34,5.74
2023-09-30,27.62,9.17
2023-10-01,27.75,8.83
2023-10-02,28.21,12.3
2023-10-03,27.85,12.61
2023-10-04,26.33,34.19
2023-10-05,25.75,67.05
2023-10-06,26.53,34.73
2023-10-07,27.38,11.84
2023-10-08,27.0,4.04
2023-10-09,27.69,7.54
2023-10-10,27.95,24.02
2023-10-11,27.89,5.83
2023-10-12,27.52,6.33
2023-10-13,27.43,2.94
2023-10-14,27.33,0.19
2023-10-15,26.79,0.03
2023-10-16,25.97,0.0
2023-10-17,25.98,0.0
2023-10-18,25.82,0.0
2023-10-19,25.15,0.0
2023-10-20,24.94,0.0
2023-10-21,24.5,0.0
2023-10-22,24.27,0.0
2023-10-23,25.01,0.16
2023-10-24,24.81,0.8
2023-10-25,24.08,0.05
2023-10-26,24.97,0.0
2023-10-27,24.37,0.0
2023-10-28,23.19,0.0
2023-10-29,23.12,0.0
2023-10-30,24.1,0.0
2023-10-31,24.23,0.0
2023-11-01,24.28,0.0
2023-11-02,24.7,0.0
2023-11-03,24.71,0.0
2023-11-04,24.59,0.0
2023-11-05,24.05,0.0
2023-11-06,22.64,0.0
2023-11-07,22.03,0.0
2023-11-08,21.75,0.0
2023-11-09,22.05,0.0
2023-11-10,22.0,0.0
2023-11-11,21.97,0.0
2023-11-12,22.02,0.0
2023-11-13,21.73,0.0
2023-11-14,21.88,0.0
2023-11-15,21.9,0.0
2023-11-16,22.24,0.48
2023-11-17,23.28,3.23
2023-11-18,22.82,0.06
2023-11-19,22.31,0.0
2023-11-20,22.85,0.0
2023-11-21,22.36,0.0
2023-11-22,20.36,0.0
2023-11-23,20.34,0.0
2023-11-24,21.6,0.0
2023-11-25,21.53,0.0
2023-11-26,20.74,0.0
2023-11-27,21.05,0.0
2023-11-28,22.57,0.0
2023-11-29,22.55,0.0
2023-11-30,21.59,0.0
2023-12-01,21.08,0.0
2023-12-02,22.04,0.0
2023-12-03,22.05,0.0
2023-12-04,21.51,0.0
2023-12-05,22.61,0.0
2023-12-06,22.15,0.08
2023-12-07,21.29,14.88
2023-12-08,20.58,5.31
2023-12-09,18.89,3.9
2023-12-10,17.82,0.0
2023-12-11,17.79,0.0
2023-12-12,18.36,0.02
2023-12-13,17.05,0.02
2023-12-14,15.81,0.0
2023-12-15,17.05,0.0
2023-12-16,16.95,0.0
2023-12-17,17.51,0.0
2023-12-18,17.01,0.0
2023-12-19,16.91,0.0
2023-12-20,17.8,0.0
2023-12-21,18.63,0.0
2023-12-22,19.11,0.0
2023-12-23,18.3,0.0
2023-12-24,19.25,0.0
2023-12-25,20.51,0.0
2023-12-26,19.94,0.0
2023-12-27,19.75,0.0
2023-12-28,20.03,0.0
2023-12-29,19.9,0.18
2023-12-30,19.07,0.15
2023-12-31,17.52,10.21
2024-01-01,16.69,3.19
2024-01-02,16.1,0.0
2024-01-03,16.62,0.0
2024-01-04,16.92,0.0
2024-01-05,17.53,0.0
2024-01-06,18.11,0.0
2024-01-07,18.1,0.0
2024-01-08,17.68,0.0
2024-01-09,16.38,0.0
2024-01-10,16.58,0.0
2024-01-11,16.2,0.0
2024-01-12,14.96,0.0
2024-01-13,15.05,0.0
2024-01-14,16.06,0.0
2024-01-15,16.5,0.0
2024-01-16,15.87,0.0
2024-01-17,15.8,0.0
2024-01-18,16.11,0.0
2024-01-19,16.21,2.53
2024-01-20,15.04,1.53
2024-01-21,13.51,5.12
2024-01-22,14.42,0.0
2024-01-23,15.0,0.0
2024-01-24,15.64,0.0
2024-01-25,15.36,0.0
2024-01-26,14.86,0.0
2024-01-27,14.61,0.0
2024-01-28,15.47,0.0
2024-01-29,16.83,0.0
2024-01-30,17.51,0.0
2024-01-31,18.89,0.0
2024-02-01,18.99,0.0
2024-02-02,18.61,0.0
2024-02-03,17.23,0.0
2024-02-04,17.89,0.0
2024-02-05,17.97,0.01
2024-02-06,18.46,0.02
2024-02-07,17.28,0.0
2024-02-08,15.7,0.0
2024-02-09,16.28,0.0
2024-02-10,18.3,0.0
2024-02-11,18.73,0.0
2024-02-12,19.58,0.0
2024-02-13,21.3,0.0
2024-02-14,20.62,0.05
2024-02-15,21.16,0.08
2024-02-16,21.21,0.0
2024-02-17,19.96,0.0
2024-02-18,20.63,0.0
2024-02-19,21.4,0.0
2024-02-20,21.77,0.0
2024-02-21,22.36,0.22
2024-02-22,21.52,4.13
2024-02-23,21.62,1.96
2024-02-24,20.65,0.02
2024-02-25,20.71,4.66
2024-02-26,20.29,0.66
2024-02-27,20.71,0.0
2024-02-28,21.11,0.0
2024-02-29,21.41,0.0
2024-03-01,22.66,0.0
2024-03-02,22.83,0.0
2024-03-03,23.58,0.0
2024-03-04,23.25,1.06
2024-03-05,22.78,0.0
2024-03-06,20.96,0.07
2024-03-07,21.66,0.0
2024-03-08,21.76,0.0
2024-03-09,21.54,0.0
2024-03-10,22.05,0.0
2024-03-11,23.33,0.0
2024-03-12,24.85,0.0
2024-03-13,24.37,0.0
2024-03-14,25.73,0.0
2024-03-15,26.04,0.01
2024-03-16,26.93,0.16
2024-03-17,26.57,0.48
2024-03-18,27.58,0.07
2024-03-19,25.84,1.33
2024-03-20,21.53,94.08
2024-03-21,22.27,5.4
2024-03-22,22.63,1.61
2024-03-23,23.86,8.61
2024-03-24,24.16,5.28
2024-03-25,24.96,4.16
2024-03-26,25.3,8.86
2024-03-27,24.85,0.11
2024-03-28,25.26,0.03
2024-03-29,26.69,0.0
2024-03-30,27.51,2.4
2024-03-31,28.26,8.1
2024-04-01,27.51,1.68
2024-04-02,26.91,0.0
2024-04-03,27.36,0.0
2024-04-04,28.65,0.0
2024-04-05,29.46,0.68
2024-04-06,29.92,0.26
2024-04-07,29.3,0.24
2024-04-08,28.28,0.0
2024-04-09,28.09,0.0
2024-04-10,28.29,0.0
2024-04-11,28.33,0.0
2024-04-12,29.18,0.0
2024-04-13,29.97,0.0
2024-04-14,30.79,0.0
2024-04-15,32.0,0.0
2024-04-16,32.27,0.04
2024-04-17,30.62,0.1
2024-04-18,30.73,0.13
2024-04-19,30.49,0.0
2024-04-20,31.63,0.02
2024-04-21,32.39,0.0
2024-04-22,31.75,0.0
2024-04-23,31.94,0.0
2024-04-24,32.25,0.0
2024-04-25,32.67,0.0
2024-04-26,33.35,0.0
2024-04-27,32.55,0.0
2024-04-28,33.69,0.01
2024-04-29,33.97,0.0
2024-04-30,34.64,0.0
2024-05-01,33.92,0.0
2024-05-02,33.06,0.02
2024-05-03,31.34,0.0
2024-05-04,30.76,0.02
2024-05-05,30.6,8.73
2024-05-06,29.33,4.46
2024-05-07,27.06,8.96
2024-05-08,27.69,6.76
2024-05-09,27.78,5.93
2024-05-10,28.09,6.35
2024-05-11,28.24,8.02
2024-05-12,29.33,3.88
2024-05-13,30.76,0.45
2024-05-14,31.62,1.84
2024-05-15,32.08,1.66
2024-05-16,32.5,2.92
2024-05-17,32.94,0.74
2024-05-18,31.89,5.05
2024-05-19,30.43,12.64
2024-05-20,29.01,34.65
2024-05-21,29.98,13.39
2024-05-22,30.51,14.68
2024-05-23,31.97,0.61
2024-05-24,33.68,0.17
2024-05-25,34.0,0.05
2024-05-26,32.98,8.89
2024-05-27,28.88,20.21
2024-05-28,29.6,44.51
2024-05-29,30.71,7.73
2024-05-30,30.77,17.93
2024-05-31,30.28,31.12
2024-06-01,30.05,17.93
2024-06-02,30.02,23.7
2024-06-03,29.32,32.89
2024-06-04,29.21,39.37
2024-06-05,29.36,33.23
2024-06-06,29.53,39.23
2024-06-07,30.48,9.0
2024-06-08,30.21,8.1
2024-06-09,29.86,28.86
2024-06-10,29.48,16.82
2024-06-11,29.84,12.24
2024-06-12,29.8,12.95
2024-06-13,29.52,23.61
2024-06-14,29.54,17.46
2024-06-15,29.33,39.37
2024-06-16,29.93,33.26
2024-06-17,30.04,30.04
2024-06-18,29.32,44.57
2024-06-19,29.1,69.22
2024-06-20,28.6,21.76
2024-06-21,28.99,8.15
2024-06-22,29.38,2.27
2024-06-23,29.96,1.99
2024-06-24,29.5,1.72
2024-06-25,29.44,7.27
2024-06-26,30.08,2.32
2024-06-27,29.39,22.68
2024-06-28,29.46,11.82
2024-06-29,29.08,19.4
2024-06-30,29.48,64.8
2024-07-01,28.55,52.14
2024-07-02,29.1,47.23
2024-07-03,29.14,17.14
2024-07-04,28.98,10.93
2024-07-05,28.32,68.44
2024-07-06,28.47,24.63
2024-07-07,29.17,19.8
2024-07-08,29.35,13.79
2024-07-09,28.91,4.79
2024-07-10,28.7,31.39
2024-07-11,29.04,34.24
2024-07-12,29.31,54.67
2024-07-13,29.24,12.88
2024-07-14,29.65,5.6
2024-07-15,30.14,4.35
2024-07-16,29.4,6.23
2024-07-17,30.08,3.17
2024-07-18,31.51,0.53
2024-07-19,30.76,0.64
2024-07-20,29.68,3.52
2024-07-21,29.56,1.36
2024-07-22,29.41,8.42
2024-07-23,29.19,3.36
2024-07-24,29.78,2.29
2024-07-25,30.54,1.52
2024-07-26,31.3,1.81
2024-07-27,30.5,0.52
2024-07-28,30.6,3.24
2024-07-29,29.64,0.61
2024-07-30,29.6,1.64
2024-07-31,30.52,3.69
2024-08-01,29.15,4.32
2024-08-02,27.32,50.63
2024-08-03,27.74,42.02
2024-08-04,28.55,9.93
2024-08-05,28.92,13.1
2024-08-06,28.64,23.56
2024-08-07,28.9,9.27
2024-08-08,28.53,9.34
2024-08-09,28.63,9.99
2024-08-10,29.1,20.25
2024-08-11,28.9,13.26
2024-08-12,28.26,14.12
2024-08-13,29.0,7.25
2024-08-14,29.79,2.06
2024-08-15,28.86,4.3
2024-08-16,29.15,12.2
2024-08-17,29.58,4.21
2024-08-18,29.26,3.6
2024-08-19,28.21,5.2
2024-08-20,28.12,15.01
2024-08-21,28.19,9.21
2024-08-22,27.79,9.5
2024-08-23,27.76,14.0
2024-08-24,28.67,1.95
2024-08-25,27.45,6.91
2024-08-26,26.83,1.6
2024-08-27,28.07,0.29
2024-08-28,28.49,0.83
2024-08-29,29.05,1.03
2024-08-30,29.55,1.32
2024-08-31,29.04,6.11
2024-09-01,28.56,14.96
2024-09-02,29.8,2.22
2024-09-03,29.5,14.02
2024-09-04,28.99,7.96
2024-09-05,28.72,17.13
2024-09-06,29.98,3.45
2024-09-07,29.84,2.0
2024-09-08,30.47,2.3
2024-09-09,29.91,0.84
2024-09-10,29.21,0.1
2024-09-11,29.56,5.46
2024-09-12,30.91,3.26
2024-09-13,30.44,6.58
2024-09-14,28.38,14.17
2024-09-15,27.42,10.53
2024-09-16,26.91,12.96
2024-09-17,28.87,0.14
2024-09-18,29.9,0.14
2024-09-19,30.02,0.0
2024-09-20,30.47,0.0
2024-09-21,30.67,5.09
2024-09-22,30.12,8.62
2024-09-23,31.21,2.6
2024-09-24,28.88,21.56
2024-09-25,27.0,76.61
2024-09-26,26.18,93.87
2024-09-27,26.73,46.96
2024-09-28,27.79,13.67
2024-09-29,27.97,14.86
2024-09-30,28.34,4.36
2024-10-01,28.59,1.53
2024-10-02,28.33,3.52
2024-10-03,27.7,21.94
2024-10-04,27.22,31.45
2024-10-05,26.67,17.18
2024-10-06,26.17,16.88
2024-10-07,26.94,6.59
2024-10-08,26.76,7.07
2024-10-09,26.54,5.11
2024-10-10,26.9,2.19
2024-10-11,27.17,2.15
2024-10-12,26.72,1.84
2024-10-13,26.37,0.66
2024-10-14,26.54,0.88
2024-10-15,25.85,10.34
2024-10-16,26.19,1.15
2024-10-17,25.75,16.35
2024-10-18,25.69,1.14
2024-10-19,26.05,0.99
2024-10-20,24.68,0.67
2024-10-21,25.06,0.01
2024-10-22,25.94,0.04
2024-10-23,26.16,3.99
2024-10-24,24.86,8.15
2024-10-25,24.72,7.16
2024-10-26,25.55,11.49
2024-10-27,26.48,0.03
2024-10-28,26.38,0.0
2024-10-29,26.46,0.71
2024-10-30,26.51,1.29
2024-10-31,26.39,4.74
2024-11-01,25.36,3.21
2024-11-02,24.37,0.97
2024-11-03,24.81,0.0
2024-11-04,24.45,0.0
2024-11-05,24.37,0.01
2024-11-06,24.31,0.17
2024-11-07,24.07,0.1
2024-11-08,23.61,0.05
2024-11-09,22.6,0.0
2024-11-10,22.85,0.0
2024-11-11,23.55,0.0
2024-11-12,23.09,0.0
2024-11-13,22.9,0.0
2024-11-14,22.77,0.0
2024-11-15,22.7,0.0
2024-11-16,22.24,0.0
2024-11-17,21.18,0.0
2024-11-18,21.54,0.0
2024-11-19,21.36,0.0
2024-11-20,20.72,0.0
2024-11-21,21.32,0.0
2024-11-22,20.95,0.0
2024-11-23,21.1,0.0
2024-11-24,20.36,0.0
2024-11-25,20.02,0.0
2024-11-26,19.26,0.0
2024-11-27,19.66,0.0
2024-11-28,19.56,0.0
2024-11-29,18.93,0.0
2024-11-30,18.21,0.0
2024-12-01,17.73,0.0
2024-12-02,17.87,0.0
2024-12-03,19.08,0.0
2024-12-04,19.18,0.0
2024-12-05,18.84,0.0
2024-12-06,17.97,0.0
2024-12-07,17.39,0.0
2024-12-08,17.23,0.0
2024-12-09,17.31,0.01
2024-12-10,18.33,0.0
2024-12-11,16.77,0.01
2024-12-12,15.64,0.0
2024-12-13,16.1,0.0
2024-12-14,15.69,0.0
2024-12-15,16.32,0.0
2024-12-16,16.54,0.0
2024-12-17,16.57,0.0
2024-12-18,16.71,0.0
2024-12-19,17.01,0.0
2024-12-20,17.84,0.0
2024-12-21,18.13,0.0
2024-12-22,17.46,0.0
2024-12-23,16.83,0.0
2024-12-24,16.86,0.0
2024-12-25,17.33,0.0
2024-12-26,17.49,0.0
2024-12-27,17.33,0.0
2024-12-28,17.79,0.0
2024-12-29,18.75,0.0
2024-12-30,19.28,0.0
2024-12-31,17.36,0.0
2025-01-01,16.26,0.0
2025-01-02,16.02,0.0
2025-01-03,16.54,0.0
2025-01-04,17.67,0.0
2025-01-05,18.27,0.0
2025-01-06,19.83,0.0
2025-01-07,19.65,0.01
2025-01-08,16.19,0.0
2025-01-09,15.65,0.0
2025-01-10,15.59,0.0
2025-01-11,17.15,0.0
2025-01-12,17.96,0.0
2025-01-13,18.39,0.0
2025-01-14,17.75,0.0
2025-01-15,16.6,0.0
2025-01-16,17.89,0.0
2025-01-17,18.75,0.0
2025-01-18,18.51,0.0
2025-01-19,17.73,0.0
2025-01-20,17.64,0.0
2025-01-21,17.44,0.0
2025-01-22,17.98,0.0
2025-01-23,17.66,0.0
2025-01-24,17.81,0.01
2025-01-25,17.12,0.0
2025-01-26,16.78,0.0
2025-01-27,18.16,0.0
2025-01-28,18.68,0.0
2025-01-29,18.59,0.0
2025-01-30,19.18,0.95
2025-01-31,19.21,0.0
2025-02-01,18.57,0.0
2025-02-02,18.91,0.0
2025-02-03,18.78,0.0
2025-02-04,19.18,0.0
2025-02-05,20.31,0.0
2025-02-06,20.27,0.0
2025-02-07,18.42,0.0
2025-02-08,17.84,0.0
2025-02-09,18.62,0.0
2025-02-10,19.49,0.0
2025-02-11,19.38,0.0
2025-02-12,20.18,0.0
2025-02-13,20.18,0.0
2025-02-14,19.18,0.0
2025-02-15,18.06,0.0
2025-02-16,18.58,0.0
2025-02-17,20.14,0.0
2025-02-18,21.48,0.0
2025-02-19,21.91,0.0
2025-02-20,21.43,0.0
2025-02-21,22.08,0.0
2025-02-22,23.63,0.01
2025-02-23,21.12,13.26
2025-02-24,22.02,0.01
2025-02-25,22.34,0.0
2025-02-26,21.21,0.0
2025-02-27,22.59,0.0
2025-02-28,23.35,0.0
2025-03-01,24.12,3.54
2025-03-02,25.04,0.45
2025-03-03,23.9,0.0
2025-03-04,23.49,0.0
2025-03-05,23.72,0.0
2025-03-06,22.54,0.0
2025-03-07,21.72,0.0
2025-03-08,22.32,0.0
2025-03-09,22.58,0.01
2025-03-10,24.19,0.0
2025-03-11,25.57,0.0
2025-03-12,25.55,0.02
2025-03-13,25.13,0.49
2025-03-14,26.94,0.01
2025-03-15,28.09,0.0
2025-03-16,28.22,0.0
2025-03-17,29.01,0.0
2025-03-18,27.51,0.0
2025-03-19,26.5,0.0
2025-03-20,26.62,0.0
2025-03-21,24.22,0.69
2025-03-22,24.25,0.11
2025-03-23,24.54,0.13
2025-03-24,25.12,0.0
2025-03-25,27.09,0.0
2025-03-26,28.05,0.0
2025-03-27,28.49,0.0
2025-03-28,28.82,0.0
2025-03-29,29.71,0.0
2025-03-30,28.59,0.0
2025-03-31,28.4,0.0
2025-04-01,28.29,0.0
2025-04-02,29.01,0.0
2025-04-03,29.58,0.0
2025-04-04,29.66,0.0
2025-04-05,29.96,0.0
2025-04-06,29.98,0.02
2025-04-07,29.64,0.49
2025-04-08,30.03,0.57
2025-04-09,29.74,2.97
2025-04-10,28.04,10.78
2025-04-11,27.21,12.88
2025-04-12,27.98,9.29
2025-04-13,26.77,26.79
2025-04-14,27.93,1.48
2025-04-15,29.31,0.57
2025-04-16,28.45,8.57
2025-04-17,26.87,16.48
2025-04-18,26.8,3.29
2025-04-19,28.38,0.51
2025-04-20,28.58,6.4
2025-04-21,29.79,10.59
2025-04-22,30.51,14.82
2025-04-23,30.29,7.49
2025-04-24,29.71,1.17
2025-04-25,29.92,0.19
2025-04-26,30.04,5.18
2025-04-27,29.38,9.54
2025-04-28,27.42,23.88
2025-04-29,26.26,6.12
2025-04-30,27.2,1.87
2025-05-01,27.54,1.88
2025-05-02,26.67,1.5
2025-05-03,27.86,0.73
2025-05-04,28.62,4.03
2025-05-05,28.82,11.19
2025-05-06,28.38,15.03
2025-05-07,29.31,0.0
2025-05-08,30.85,1.69
2025-05-09,31.56,1.71
2025-05-10,32.21,0.01
2025-05-11,32.26,0.7
2025-05-12,29.02,26.66
2025-05-13,29.65,14.71
2025-05-14,30.29,17.76
2025-05-15,29.56,29.43
2025-05-16,29.57,11.14
2025-05-17,29.22,23.81
2025-05-18,28.45,41.98
2025-05-19,28.2,54.25
2025-05-20,28.91,35.61
2025-05-21,28.89,22.64
2025-05-22,28.5,23.11
2025-05-23,28.69,12.04
2025-05-24,28.72,4.97
2025-05-25,27.74,23.68
2025-05-26,26.74,14.46
2025-05-27,28.83,4.86
2025-05-28,29.49,5.96
2025-05-29,28.2,52.16
2025-05-30,26.65,19.7
2025-05-31,28.96,21.09
2025-06-01,29.57,27.12
2025-06-02,29.81,25.86
2025-06-03,28.82,25.28
2025-06-04,28.44,40.46
2025-06-05,28.99,4.38
2025-06-06,29.56,2.92
2025-06-07,29.39,3.04
2025-06-08,29.71,0.17
2025-06-09,30.17,3.13
2025-06-10,31.35,0.18
2025-06-11,30.66,1.06
2025-06-12,30.86,0.61
2025-06-13,31.15,2.16
2025-06-14,30.62,1.57
2025-06-15,29.56,4.33
2025-06-16,28.96,9.71
2025-06-17,28.69,7.72
2025-06-18,28.57,14.56
2025-06-19,28.36,18.59
2025-06-20,28.71,22.86
2025-06-21,29.59,11.06
2025-06-22,29.52,2.99
2025-06-23,28.84,13.11
2025-06-24,28.55,47.27
2025-06-25,28.83,3.37
2025-06-26,29.09,4.6
2025-06-27,29.21,3.46
2025-06-28,29.12,2.44
2025-06-29,29.49,2.0
2025-06-30,29.22,1.73
2025-07-01,29.47,5.49
2025-07-02,28.61,5.02
2025-07-03,29.25,6.33
2025-07-04,29.2,6.77
2025-07-05,28.94,8.22
2025-07-06,28.12,3.74
2025-07-07,27.77,1.99
2025-07-08,28.02,5.76
2025-07-09,28.09,10.44
2025-07-10,28.04,7.38
2025-07-11,28.99,0.45
2025-07-12,30.32,0.02
2025-07-13,30.57,5.56
2025-07-14,28.24,30.37
2025-07-15,28.09,15.76
2025-07-16,28.23,25.01
2025-07-17,28.36,23.04
2025-07-18,29.25,5.3
2025-07-19,29.38,14.26
2025-07-20,29.21,40.89
2025-07-21,29.97,11.82
2025-07-22,29.95,5.96
2025-07-23,30.95,0.63
2025-07-24,31.53,8.24
2025-07-25,30.13,6.74
2025-07-26,29.47,7.54
2025-07-27,29.59,21.49
2025-07-28,28.43,17.33
2025-07-29,29.2,11.02
2025-07-30,29.0,9.89
2025-07-31,28.73,16.14
2025-08-01,29.14,19.07
2025-08-02,28.55,22.39
2025-08-03,28.32,44.8
2025-08-04,28.49,22.78
2025-08-05,27.45,30.81
2025-08-06,28.0,16.18
2025-08-07,28.73,11.5
2025-08-08,28.02,24.91
2025-08-09,27.83,21.19
2025-08-10,28.52,18.72
2025-08-11,28.65,26.65
2025-08-12,29.72,18.43
2025-08-13,27.53,47.85
2025-08-14,27.87,10.61
2025-08-15,28.47,1.81
2025-08-16,29.96,4.23
2025-08-17,29.59,5.44
2025-08-18,29.04,15.66
2025-08-19,28.55,7.37
2025-08-20,28.23,8.36
2025-08-21,28.27,11.63
2025-08-22,28.24,12.31
2025-08-23,28.18,8.08
2025-08-24,28.2,8.74
2025-08-25,28.37,3.73
2025-08-26,29.17,1.51
2025-08-27,28.98,9.17
2025-08-28,28.5,9.72
2025-08-29,28.23,14.84
2025-08-30,28.57,4.34
2025-08-31,29.49,6.68
2025-09-01,29.84,1.62
2025-09-02,29.07,15.29
2025-09-03,29.47,6.02
2025-09-04,28.53,0.93
2025-09-05,28.45,1.63
2025-09-06,29.12,1.56
2025-09-07,28.71,2.03
2025-09-08,28.67,6.81
2025-09-09,28.96,4.3
2025-09-10,28.17,12.74
2025-09-11,28.67,10.36
2025-09-12,28.42,16.16
2025-09-13,28.05,19.69
2025-09-14,27.24,42.39
2025-09-15,27.15,46.86
2025-09-16,27.41,31.98
2025-09-17,27.65,23.65
2025-09-18,28.14,24.4
2025-09-19,29.04,15.14
2025-09-20,29.0,4.75
2025-09-21,29.07,2.34
2025-09-22,29.31,2.54
2025-09-23,28.5,1.05
2025-09-24,29.43,0.22
2025-09-25,29.53,0.06
2025-09-26,29.34,0.11
2025-09-27,28.46,1.13
2025-09-28,29.09,0.58
2025-09-29,29.14,0.89
2025-09-30,29.22,12.53
2025-10-01,27.61,24.23
2025-10-02,26.76,13.66
2025-10-03,27.03,13.37
2025-10-04,27.21,42.44
2025-10-05,26.83,58.94
2025-10-06,26.67,8.85
2025-10-07,27.19,1.35
2025-10-08,27.39,5.5
2025-10-09,27.51,1.05
2025-10-10,27.06,1.24
2025-10-11,25.99,0.6
2025-10-12,25.74,0.1
2025-10-13,25.05,0.0
2025-10-14,24.5,0.0
2025-10-15,24.92,0.0
2025-10-16,26.26,0.0
2025-10-17,26.77,0.0
2025-10-18,26.78,0.0
2025-10-19,26.39,0.0
2025-10-20,26.19,0.0
2025-10-21,25.94,0.0
2025-10-22,26.05,0.0
2025-10-23,26.21,0.0
2025-10-24,25.98,0.01
2025-10-25,26.3,0.0
2025-10-26,26.75,0.0
2025-10-27,25.87,4.91
2025-10-28,25.98,1.59
2025-10-29,26.03,0.97
2025-10-30,24.33,13.2
2025-10-31,25.49,20.93
2025-11-01,25.45,43.8
2025-11-02,24.45,5.64
2025-11-03,24.18,0.26
2025-11-04,24.15,0.01
2025-11-05,24.29,0.08
2025-11-06,24.61,0.04
2025-11-07,23.87,0.0
2025-11-08,22.04,0.0
2025-11-09,21.58,0.0
2025-11-10,21.02,0.0
2025-11-11,19.15,0.0
2025-11-12,19.38,0.0
2025-11-13,20.14,0.0
2025-11-14,20.51,0.0
2025-11-15,20.31,0.0
2025-11-16,20.77,0.0
2025-11-17,20.48,0.0
2025-11-18,20.73,0.0
2025-11-19,20.83,0.0
2025-11-20,20.96,0.0
2025-11-21,20.72,0.0
2025-11-22,19.51,0.0
2025-11-23,19.62,0.0
2025-11-24,19.19,0.0
2025-11-25,19.11,0.0
2025-11-26,19.47,0.0
2025-11-27,20.12,0.0
2025-11-28,21.07,0.0
2025-11-29,19.95,0.0
2025-11-30,19.31,0.0
2025-12-01,17.81,0.0
2025-12-02,17.87,0.0
2025-12-03,17.72,0.0
2025-12-04,17.86,0.0
2025-12-05,17.31,0.0
2025-12-06,16.81,0.0
2025-12-07,16.96,0.0
2025-12-08,17.97,0.0
2025-12-09,18.41,0.0
2025-12-10,18.04,0.0
2025-12-11,17.58,0.0
2025-12-12,18.5,0.0
2025-12-13,18.5,0.0
2025-12-14,18.31,0.0
2025-12-15,18.27,0.0
2025-12-16,18.19,0.0
2025-12-17,17.98,0.0
2025-12-18,17.9,0.0
2025-12-19,17.44,0.0
2025-12-20,16.56,0.0
2025-12-21,17.1,0.0
2025-12-22,17.38,0.0
2025-12-23,16.04,0.0
2025-12-24,15.51,0.0
2025-12-25,15.57,0.0
2025-12-26,16.3,0.0
2025-12-27,16.08,0.0
2025-12-28,15.27,0.0
2025-12-29,14.46,0.0
2025-12-30,13.21,0.01
2025-12-31,14.02,0.02
